date,algorithm,num_trades,total_energy_mwh,revenue_to_date,daily_revenue
2024-01-01,Naive Benchmark,1,168.0,-1855.6972249999994,-1855.6972249999994
2024-01-02,Naive Benchmark,3,503.99999999999994,8995.808477,10851.505702
2024-01-04,Naive Benchmark,2,336.0,9338.894582,343.0861050000003
2024-01-06,Naive Benchmark,2,336.0,9867.663469000001,528.7688870000002
2024-01-07,Naive Benchmark,1,168.0,4906.686569,-4960.976900000001
2024-01-08,Naive Benchmark,3,503.99999999999994,27115.305804999996,22208.619235999995
2024-01-09,Naive Benchmark,2,336.0,34520.90291399999,7405.597108999995
2024-01-10,Naive Benchmark,2,336.0,36571.75564399999,2050.8527299999987
2024-01-11,Naive Benchmark,1,168.0,32202.74624399999,-4369.009399999999
2024-01-12,Naive Benchmark,2,336.0,36955.33596199999,4752.589717999999
2024-01-13,Naive Benchmark,3,503.99999999999994,96160.25405099998,59204.91808899999
2024-01-14,Naive Benchmark,1,168.0,101619.92862599998,5459.674574999997
2024-01-15,Naive Benchmark,2,336.0,98133.68344499997,-3486.2451810000057
2024-01-16,Naive Benchmark,3,503.99999999999994,138119.30082699997,39985.617382
2024-01-18,Naive Benchmark,1,168.0,129170.66532699997,-8948.635500000004
2024-01-19,Naive Benchmark,1,167.99999999999997,139970.52129399998,10799.85596700001
2024-01-23,Naive Benchmark,2,336.0,141910.77437399997,1940.253079999995
2024-01-25,Naive Benchmark,2,336.0,146787.115936,4876.341562000016
2024-01-26,Naive Benchmark,2,336.0,151409.40896899998,4622.2930329999945
2024-01-27,Naive Benchmark,2,336.0,161082.333073,9672.924104000005
2024-01-28,Naive Benchmark,1,168.0,168004.140973,6921.807900000014
2024-01-29,Naive Benchmark,3,503.99999999999994,177982.323673,9978.182700000005
2024-01-30,Naive Benchmark,2,336.0,180960.62531700003,2978.301644000021
2024-02-02,Naive Benchmark,2,336.0,187722.21619400004,6761.59087700001
2024-02-03,Naive Benchmark,2,336.0,200064.21926600006,12342.003072000021
2024-02-04,Naive Benchmark,2,336.0,201691.89028600004,1627.6710199999798
2024-02-07,Naive Benchmark,2,336.0,206299.16580500006,4607.275519000017
2024-02-08,Naive Benchmark,2,336.0,213292.06089100006,6992.895086000004
2024-02-09,Naive Benchmark,1,168.0,208599.62556600006,-4692.435324999999
2024-02-10,Naive Benchmark,3,503.99999999999994,226453.59053700007,17853.96497100001
2024-02-11,Naive Benchmark,2,336.0,241243.58866400007,14789.998126999999
2024-02-12,Naive Benchmark,2,336.0,255150.57716000007,13906.988496000005
2024-02-13,Naive Benchmark,2,336.0,267898.68881900003,12748.111658999958
2024-02-14,Naive Benchmark,2,336.0,280781.30896100006,12882.620142000029
2024-02-15,Naive Benchmark,1,168.0,283761.05173600005,2979.7427749999915
2024-02-16,Naive Benchmark,3,503.99999999999994,292507.51830100006,8746.46656500001
2024-02-17,Naive Benchmark,2,336.0,300453.05932600005,7945.541024999984
2024-02-18,Naive Benchmark,2,336.0,316729.4996600001,16276.440334000043
2024-02-19,Naive Benchmark,2,336.0,320284.22892000014,3554.729260000051
2024-02-21,Naive Benchmark,2,336.0,329862.34831000015,9578.119390000007
2024-02-22,Naive Benchmark,2,336.0,342262.97848600015,12400.630176000006
2024-02-23,Naive Benchmark,2,336.0,346798.88806000014,4535.90957399999
2024-02-24,Naive Benchmark,2,336.0,357239.2125060001,10440.324445999984
2024-02-25,Naive Benchmark,2,336.0,368693.35705700016,11454.144551000034
2024-02-27,Naive Benchmark,2,336.0,377728.5652790002,9035.208222000045
2024-02-28,Naive Benchmark,2,336.0,387861.9651980002,10133.399918999989
2024-02-29,Naive Benchmark,2,336.0,406419.5519470002,18557.58674900001
2024-03-01,Naive Benchmark,2,336.0,422576.6999100002,16157.147962999996
2024-03-02,Naive Benchmark,2,336.0,432044.63672500016,9467.936814999965
2024-03-03,Naive Benchmark,1,168.0,445607.9053500002,13563.268625000026
2024-03-04,Naive Benchmark,3,503.99999999999994,470699.02922300017,25091.123872999975
2024-03-05,Naive Benchmark,2,336.0,486771.40175400017,16072.372531
2024-03-06,Naive Benchmark,2,336.0,492292.42941400013,5521.027659999963
2024-03-07,Naive Benchmark,1,168.0,496580.90196400014,4288.472550000006
2024-03-08,Naive Benchmark,3,503.99999999999994,519883.4308420001,23302.528877999983
2024-03-09,Naive Benchmark,2,336.0,535883.3375790002,15999.906737000041
2024-03-10,Naive Benchmark,2,336.0,547834.1222100002,11950.784631000017
2024-03-11,Naive Benchmark,2,336.0,562314.7325910002,14480.610380999977
2024-03-12,Naive Benchmark,1,168.0,563485.1844160001,1170.4518249999965
2024-03-13,Naive Benchmark,3,503.99999999999994,581252.0533870002,17766.868971000076
2024-03-14,Naive Benchmark,2,336.0,589870.8943090002,8618.840922000003
2024-03-15,Naive Benchmark,2,336.0,590871.3962630002,1000.5019539999776
2024-03-16,Naive Benchmark,2,336.0,594528.2056590002,3656.809395999997
2024-03-17,Naive Benchmark,2,336.0,610511.1935140003,15982.987855000072
2024-03-18,Naive Benchmark,2,336.0,616342.7321160003,5831.538601999986
2024-03-19,Naive Benchmark,2,336.0,625649.2095930002,9306.477476999979
2024-03-20,Naive Benchmark,2,336.0,640823.7579600003,15174.548367000069
2024-03-21,Naive Benchmark,2,336.0,657573.9232350003,16750.165275000036
2024-03-22,Naive Benchmark,2,336.0,666920.4028110004,9346.479576000012
2024-03-23,Naive Benchmark,2,336.0,674649.7067550004,7729.303944000043
2024-03-24,Naive Benchmark,2,336.0,682110.1890900003,7460.48233499995
2024-03-25,Naive Benchmark,2,336.0,695708.3100010003,13598.120910999947
2024-03-26,Naive Benchmark,2,336.0,709861.9709700003,14153.66096899996
2024-03-27,Naive Benchmark,2,336.0,727900.9482970003,18038.977327
2024-03-28,Naive Benchmark,2,336.0,742703.5860870002,14802.63778999995
2024-03-29,Naive Benchmark,1,168.0,754726.4795120002,12022.893425000017
2024-03-30,Naive Benchmark,3,503.99999999999994,761156.3783590002,6429.898846999975
2024-03-31,Naive Benchmark,1,168.0,763454.6237590002,2298.2454000000143
2024-04-01,Naive Benchmark,2,336.0,774697.7574260002,11243.133666999987
2024-04-02,Naive Benchmark,3,503.99999999999994,799857.1007220004,25159.343296000152
2024-04-03,Naive Benchmark,1,168.0,812469.5762720003,12612.475549999974
2024-04-04,Naive Benchmark,2,336.0,829124.3521670003,16654.77589499997
2024-04-05,Naive Benchmark,2,336.0,843195.4538130003,14071.101646000054
2024-04-06,Naive Benchmark,3,503.99999999999994,870486.5612200004,27291.107407000032
2024-04-07,Naive Benchmark,1,168.0,888508.9489200003,18022.387699999963
2024-04-08,Naive Benchmark,2,336.0,903743.1710190004,15234.222099000006
2024-04-09,Naive Benchmark,2,336.0,918872.2860230003,15129.115003999905
2024-04-10,Naive Benchmark,3,503.99999999999994,939052.0164600003,20179.73043700005
2024-04-11,Naive Benchmark,2,336.0,948915.4941060003,9863.477645999985
2024-04-12,Naive Benchmark,2,336.0,959083.9357550002,10168.441648999928
2024-04-13,Naive Benchmark,1,168.0,967996.8923050002,8912.956550000003
2024-04-14,Naive Benchmark,3,503.99999999999994,983178.9531260002,15182.060821000021
2024-04-15,Naive Benchmark,1,168.0,994353.5991260002,11174.64599999995
2024-04-16,Naive Benchmark,2,336.0,1009400.5506970002,15046.951571000041
2024-04-17,Naive Benchmark,3,503.99999999999994,1026905.4398190002,17504.889121999964
2024-04-18,Naive Benchmark,1,168.0,1028081.8073440002,1176.3675250000088
2024-04-19,Naive Benchmark,3,503.99999999999994,1041131.7534050003,13049.946061000112
2024-04-20,Naive Benchmark,2,336.0,1051599.1002790004,10467.346874000039
2024-04-21,Naive Benchmark,2,336.0,1065727.0629720003,14127.96269299998
2024-04-22,Naive Benchmark,2,336.0,1073483.7757170002,7756.71274499991
2024-04-23,Naive Benchmark,2,336.0,1081668.3951290003,8184.619412000058
2024-04-24,Naive Benchmark,2,336.0,1091260.6626590004,9592.26753000007
2024-04-25,Naive Benchmark,2,336.0,1100798.8512050004,9538.188546000049
2024-04-26,Naive Benchmark,2,336.0,1104679.7597580003,3880.908552999841
2024-04-27,Naive Benchmark,2,336.0,1121266.2151480003,16586.455390000017
2024-04-28,Naive Benchmark,2,336.0,1137376.8245280003,16110.609380000038
2024-04-29,Naive Benchmark,2,336.0,1147769.1515380002,10392.327009999892
2024-04-30,Naive Benchmark,2,336.0,1158989.3752530003,11220.223715000087
2024-05-01,Naive Benchmark,1,168.0,1164137.8262530002,5148.4509999998845
2024-05-02,Naive Benchmark,3,503.99999999999994,1176782.9115310002,12645.085277999984
2024-05-03,Naive Benchmark,2,336.0,1191489.8327380002,14706.921207000036
2024-05-04,Naive Benchmark,2,336.0,1197937.5552020003,6447.722464000108
2024-05-05,Naive Benchmark,2,336.0,1211929.5829620003,13992.027759999968
2024-05-06,Naive Benchmark,2,336.0,1224401.3951030003,12471.81214100006
2024-05-07,Naive Benchmark,1,168.0,1234767.4809030003,10366.0858
2024-05-08,Naive Benchmark,3,503.99999999999994,1253972.9424410001,19205.4615379998
2024-05-09,Naive Benchmark,2,336.0,1261756.232843,7783.290401999839
2024-05-10,Naive Benchmark,2,336.0,1268754.4591740002,6998.226331000216
2024-05-11,Naive Benchmark,2,336.0,1281601.028385,12846.569210999878
2024-05-12,Naive Benchmark,2,336.0,1295566.278046,13965.24966099998
2024-05-13,Naive Benchmark,2,336.0,1299383.5809040002,3817.3028580001555
2024-05-14,Naive Benchmark,2,336.0,1305473.7608390003,6090.179935000138
2024-05-15,Naive Benchmark,2,336.0,1306925.9973700002,1452.2365309998859
2024-05-16,Naive Benchmark,2,336.0,1315607.8312300004,8681.83386000013
2024-05-17,Naive Benchmark,2,336.0,1325113.0662060003,9505.23497599992
2024-05-18,Naive Benchmark,2,336.0,1336644.3390580004,11531.272852000082
2024-05-19,Naive Benchmark,2,336.0,1352508.3772370005,15864.038179000141
2024-05-20,Naive Benchmark,2,336.0,1359233.2057080006,6724.8284710000735
2024-05-21,Naive Benchmark,2,336.0,1369451.5671110004,10218.361402999843
2024-05-22,Naive Benchmark,2,336.0,1380632.2916390004,11180.724527999992
2024-05-23,Naive Benchmark,2,336.0,1397668.3894730003,17036.0978339999
2024-05-24,Naive Benchmark,2,336.0,1406369.1831870002,8700.793713999912
2024-05-25,Naive Benchmark,2,336.0,1418190.2709680002,11821.087780999951
2024-05-26,Naive Benchmark,1,168.0,1429247.1211680002,11056.850199999986
2024-05-27,Naive Benchmark,3,503.99999999999994,1453210.445726,23963.324557999847
2024-05-28,Naive Benchmark,2,336.0,1458928.972526,5718.526800000109
2024-05-29,Naive Benchmark,1,168.0,1465753.1704010002,6824.197875000071
2024-05-30,Naive Benchmark,3,503.99999999999994,1473277.8881430002,7524.717742000008
2024-05-31,Naive Benchmark,2,336.0,1478770.2233080002,5492.335165000055
2024-06-01,Naive Benchmark,2,336.0,1496310.2150450002,17539.991736999946
2024-06-02,Naive Benchmark,2,336.0,1512791.362537,16481.147491999902
2024-06-03,Naive Benchmark,2,336.0,1516495.8758720001,3704.513335000025
2024-06-04,Naive Benchmark,1,168.0,1517061.7741720001,565.8983000000007
2024-06-05,Naive Benchmark,3,503.99999999999994,1523609.988318,6548.2141459998675
2024-06-06,Naive Benchmark,2,336.0,1523707.604369,97.61605100007728
2024-06-07,Naive Benchmark,2,336.0,1526623.881752,2916.2773829998914
2024-06-08,Naive Benchmark,2,336.0,1531363.3424799999,4739.460727999918
2024-06-09,Naive Benchmark,2,336.0,1539304.1089739997,7940.766493999865
2024-06-10,Naive Benchmark,2,336.0,1544079.0663149997,4774.957340999972
2024-06-11,Naive Benchmark,2,336.0,1546024.5066309997,1945.440316000022
2024-06-12,Naive Benchmark,2,336.0,1548460.7065319999,2436.199901000131
2024-06-13,Naive Benchmark,2,336.0,1549571.418288,1110.7117560000625
2024-06-14,Naive Benchmark,2,336.0,1552033.4534989998,2462.035210999893
2024-06-15,Naive Benchmark,2,336.0,1561460.8530249998,9427.399526000023
2024-06-16,Naive Benchmark,1,168.0,1565866.5420999997,4405.689074999886
2024-06-17,Naive Benchmark,2,336.0,1575942.3210499997,10075.778949999949
2024-06-18,Naive Benchmark,3,503.99999999999994,1583671.3986459996,7729.07759599993
2024-06-19,Naive Benchmark,2,336.0,1588729.2310209996,5057.832374999998
2024-06-20,Naive Benchmark,2,336.0,1590267.0614589995,1537.8304379999172
2024-06-21,Naive Benchmark,2,336.0,1594299.8788829995,4032.817424000008
2024-06-22,Naive Benchmark,2,336.0,1597538.8208249996,3238.941942000063
2024-06-23,Naive Benchmark,2,336.0,1602044.6855429995,4505.864717999939
2024-06-27,Naive Benchmark,2,336.0,1604271.3768039995,2226.691261
2024-06-28,Naive Benchmark,2,336.0,1606046.6263609994,1775.2495569998864
2024-06-29,Naive Benchmark,2,336.0,1606884.5624799994,837.9361189999618
2024-06-30,Naive Benchmark,2,336.0,1611143.0826899994,4258.520209999988
2024-07-01,Naive Benchmark,2,336.0,1611979.9580519993,836.8753619999625
2024-07-02,Naive Benchmark,2,336.0,1614330.1013239995,2350.143272000132
2024-07-03,Naive Benchmark,2,336.0,1614999.4206599994,669.3193359998986
2024-07-04,Naive Benchmark,2,336.0,1616192.0623339994,1192.6416740000714
2024-07-05,Naive Benchmark,2,336.0,1618755.8100499995,2563.747716000071
2024-07-06,Naive Benchmark,2,336.0,1621266.4885159994,2510.6784659998957
2024-07-07,Naive Benchmark,2,336.0,1622170.8823799994,904.3938639999833
2024-07-08,Naive Benchmark,2,336.0,1623010.5817659993,839.6993859999347
2024-07-09,Naive Benchmark,2,336.0,1624472.2593259993,1461.677559999982
2024-07-10,Naive Benchmark,2,336.0,1627649.5945699995,3177.335244000191
2024-07-11,Naive Benchmark,2,336.0,1628056.4706149995,406.8760450000409
2024-07-13,Naive Benchmark,2,336.0,1630594.8047429994,2538.334127999842
2024-07-14,Naive Benchmark,2,336.0,1632778.3239539992,2183.5192109998316
2024-07-16,Naive Benchmark,2,336.0,1634004.4275509992,1226.1035970000084
2024-07-17,Naive Benchmark,2,336.0,1634106.1475019993,101.71995100006461
2024-07-19,Naive Benchmark,2,336.0,1635269.9608089994,1163.8133070000913
2024-07-20,Naive Benchmark,2,336.0,1636220.0307619993,950.0699529999401
2024-07-23,Naive Benchmark,2,336.0,1683823.3471249992,47603.316362999845
2024-07-24,Naive Benchmark,2,336.0,1696667.597172999,12844.2500479999
2024-07-26,Naive Benchmark,2,336.0,1697100.673034999,433.07586199999787
2024-07-27,Naive Benchmark,2,336.0,1700888.422526999,3787.749491999857
2024-07-28,Naive Benchmark,2,336.0,1705696.5446439988,4808.1221169999335
2024-07-29,Naive Benchmark,2,336.0,1707069.825720999,1373.2810770000797
2024-07-30,Naive Benchmark,2,336.0,1708151.108223999,1081.282502999995
2024-07-31,Naive Benchmark,2,336.0,1709157.6972459988,1006.5890219998546
2024-08-03,Naive Benchmark,2,336.0,1710585.9557599986,1428.25851399987
2024-08-04,Naive Benchmark,2,336.0,1713814.7849399988,3228.829180000117
2024-08-05,Naive Benchmark,2,336.0,1714192.1529509989,377.3680110001005
2024-08-06,Naive Benchmark,2,336.0,1715760.2478329989,1568.0948820000049
2024-08-08,Naive Benchmark,2,336.0,1716003.2546279987,243.00679499981925
2024-08-10,Naive Benchmark,2,336.0,1716630.4359999988,627.1813720001373
2024-08-11,Naive Benchmark,2,336.0,1718647.0784609988,2016.6424610000104
2024-08-13,Naive Benchmark,2,336.0,1719141.696683999,494.618223000085
2024-08-14,Naive Benchmark,2,336.0,1721621.526229999,2479.82954600011
2024-08-18,Naive Benchmark,2,336.0,1723624.3895729992,2002.8633430001792
2024-08-19,Naive Benchmark,2,336.0,1724023.5257039992,399.13613100000657
2024-08-20,Naive Benchmark,2,336.0,1726130.213948999,2106.688244999852
2024-08-23,Naive Benchmark,2,336.0,1728939.489198999,2809.275249999948
2024-08-24,Naive Benchmark,2,336.0,1733690.039738999,4750.550539999967
2024-08-25,Naive Benchmark,2,336.0,1739104.6485589992,5414.608820000198
2024-08-26,Naive Benchmark,2,336.0,1740737.056052999,1632.4074939999264
2024-08-27,Naive Benchmark,2,336.0,1743091.218291999,2354.1622389999684
2024-08-28,Naive Benchmark,2,336.0,1745137.7248749991,2046.5065830000676
2024-08-29,Naive Benchmark,1,168.0,1741639.8494499992,-3497.8754249999765
2024-08-30,Naive Benchmark,3,503.99999999999994,1747913.9025269991,6274.0530769999605
2024-08-31,Naive Benchmark,2,336.0,1749588.765038999,1674.862511999905
2024-09-01,Naive Benchmark,2,336.0,1750562.276159999,973.5111209999304
2024-09-02,Naive Benchmark,2,336.0,1751462.044213999,899.768054000102
2024-09-03,Naive Benchmark,2,336.0,1752595.071489999,1133.027276000008
2024-09-04,Naive Benchmark,2,336.0,1752827.2050899991,232.13360000005923
2024-09-05,Naive Benchmark,2,336.0,1753185.3194049993,358.11431500012986
2024-09-07,Naive Benchmark,2,336.0,1754962.2923889994,1776.9729840001091
2024-09-08,Naive Benchmark,2,336.0,1759902.1508249994,4939.858436000068
2024-09-09,Naive Benchmark,2,336.0,1761327.4267739994,1425.2759489999153
2024-09-10,Naive Benchmark,2,336.0,1761646.4210839993,318.99430999998003
2024-09-11,Naive Benchmark,2,336.0,1763269.3369139994,1622.9158300000709
2024-09-12,Naive Benchmark,2,336.0,1769092.0409209994,5822.704006999964
2024-09-13,Naive Benchmark,1,168.0,1764536.5201709995,-4555.520749999909
2024-09-14,Naive Benchmark,3,503.99999999999994,1771820.6767409993,7284.1565699998755
2024-09-15,Naive Benchmark,1,168.0,1771596.7726159994,-223.90412499988452
2024-09-16,Naive Benchmark,3,503.99999999999994,1781296.1334119996,9699.36079600011
2024-09-17,Naive Benchmark,1,168.0,1786641.4904869995,5345.357074999949
2024-09-18,Naive Benchmark,2,336.0,1791288.8097679995,4647.3192809999455
2024-09-19,Naive Benchmark,3,503.99999999999994,1802037.4440049992,10748.634236999787
2024-09-21,Naive Benchmark,2,336.0,1807139.5007569992,5102.056752000004
2024-09-22,Naive Benchmark,2,336.0,1811311.6109429991,4172.110185999889
2024-09-23,Naive Benchmark,2,336.0,1812298.3597209991,986.7487780000083
2024-09-25,Naive Benchmark,2,336.0,1812623.5195889992,325.1598680000752
2024-09-26,Naive Benchmark,2,336.0,1813397.885614999,774.3660259998869
2024-09-27,Naive Benchmark,2,336.0,1813404.700030999,6.814415999921039
2024-09-28,Naive Benchmark,2,336.0,1815587.763799999,2183.063768999884
2024-09-29,Naive Benchmark,2,336.0,1820166.356269999,4578.592470000032
2024-09-30,Naive Benchmark,2,336.0,1823862.407698999,3696.0514289999846
2024-10-01,Naive Benchmark,2,336.0,1826931.451175999,3069.04347699997
2024-10-02,Naive Benchmark,2,336.0,1827552.653392999,621.202217000071
2024-10-03,Naive Benchmark,2,336.0,1828963.337487999,1410.6840949999169
2024-10-05,Naive Benchmark,2,336.0,1829747.802508999,784.4650210000109
2024-10-06,Naive Benchmark,2,336.0,1833782.7114429988,4034.908933999948
2024-10-07,Naive Benchmark,2,336.0,1835171.3946869988,1388.6832439999562
2024-10-09,Naive Benchmark,2,336.0,1836159.296240999,987.9015540000983
2024-10-10,Naive Benchmark,1,168.0,1828356.137890999,-7803.158349999925
2024-10-11,Naive Benchmark,3,503.99999999999994,1837432.838496999,9076.700605999911
2024-10-12,Naive Benchmark,2,336.0,1841905.4729619988,4472.634464999894
2024-10-13,Naive Benchmark,2,336.0,1847327.3814959987,5421.908533999929
2024-10-14,Naive Benchmark,2,336.0,1849432.402464999,2105.0209690001793
2024-10-17,Naive Benchmark,2,336.0,1853342.907670999,3910.50520600006
2024-10-18,Naive Benchmark,2,336.0,1853842.059741999,499.15207100007683
2024-10-19,Naive Benchmark,1,168.0,1856894.583516999,3052.5237749998923
2024-10-20,Naive Benchmark,3,503.99999999999994,1868112.7987099988,11218.215192999924
2024-10-21,Naive Benchmark,2,336.0,1873570.6555989988,5457.85688899993
2024-10-22,Naive Benchmark,2,336.0,1877825.0617639986,4254.406164999818
2024-10-23,Naive Benchmark,2,336.0,1878637.6015009985,812.5397369998973
2024-10-24,Naive Benchmark,2,336.0,1883271.3427549985,4633.741253999993
2024-10-25,Naive Benchmark,2,336.0,1887025.0304619984,3753.6877069999464
2024-10-26,Naive Benchmark,2,336.0,1890473.4435159983,3448.413053999888
2024-10-27,Naive Benchmark,2,336.0,1892420.0252239984,1946.5817080000415
2024-10-28,Naive Benchmark,2,336.0,1896411.9480789981,3991.922854999779
2024-10-29,Naive Benchmark,2,336.0,1906469.3580039982,10057.409925000044
2024-10-30,Naive Benchmark,2,336.0,1913917.3237279982,7447.965724000009
2024-10-31,Naive Benchmark,1,168.0,1916988.599152998,3071.2754249998834
2024-11-01,Naive Benchmark,3,503.99999999999994,1923196.529963998,6207.930810999824
2024-11-02,Naive Benchmark,1,168.0,1921290.361913998,-1906.1680499999784
2024-11-03,Naive Benchmark,3,503.99999999999994,1935388.477681998,14098.115768000018
2024-11-04,Naive Benchmark,2,336.0,1940857.8382699979,5469.360587999923
2024-11-05,Naive Benchmark,1,168.0,1938552.613869998,-2305.224399999948
2024-11-06,Naive Benchmark,2,336.0,1946629.600751998,8076.986881999997
2024-11-07,Naive Benchmark,3,503.99999999999994,1963702.343516998,17072.74276500009
2024-11-08,Naive Benchmark,2,336.0,1969331.187211998,5628.843695000047
2024-11-09,Naive Benchmark,2,336.0,1976596.509744998,7265.322533000028
2024-11-10,Naive Benchmark,2,336.0,1983759.3271339983,7162.817389000207
2024-11-11,Naive Benchmark,2,336.0,1987640.1686079982,3880.841473999899
2024-11-12,Naive Benchmark,1,168.0,1988464.868757998,824.7001499999315
2024-11-13,Naive Benchmark,2,336.0,1993108.3695729983,4643.500815000152
2024-11-14,Naive Benchmark,3,503.99999999999994,2004745.6239199983,11637.254347000038
2024-11-15,Naive Benchmark,2,336.0,2010511.5933969985,5765.969477000181
2024-11-16,Naive Benchmark,2,336.0,2027076.3033299984,16564.70993299992
2024-11-17,Naive Benchmark,2,336.0,2035921.3616039983,8845.058273999952
2024-11-18,Naive Benchmark,2,336.0,2048357.8699829984,12436.508379000006
2024-11-19,Naive Benchmark,2,336.0,2061615.4663599983,13257.59637699998
2024-11-20,Naive Benchmark,1,168.0,2060383.1969099983,-1232.2694500000216
2024-11-21,Naive Benchmark,3,503.99999999999994,2073502.1058339984,13118.908924000105
2024-11-22,Naive Benchmark,2,336.0,2078052.2808819986,4550.175048000179
2024-11-23,Naive Benchmark,2,336.0,2079754.4632159986,1702.182334000012
2024-11-24,Naive Benchmark,2,336.0,2086096.0731709988,6341.609955000225
2024-11-28,Naive Benchmark,2,336.0,2088698.0649149988,2601.991743999999
2024-11-30,Naive Benchmark,2,336.0,2089620.2385699989,922.1736550000496
2024-12-01,Naive Benchmark,2,336.0,2091585.1881369988,1964.949566999916
2024-12-04,Naive Benchmark,2,336.0,2096549.3521609989,4964.164024000056
2024-12-05,Naive Benchmark,2,336.0,2097892.348857999,1342.996696999995
2024-12-06,Naive Benchmark,2,336.0,2100056.225901999,2163.877044000197
2024-12-07,Naive Benchmark,2,336.0,2101678.701303999,1622.4754019998945
2024-12-08,Naive Benchmark,2,336.0,2105312.0774509986,3633.3761469996534
2024-12-09,Naive Benchmark,2,336.0,2110792.4632619987,5480.385811000131
2024-12-10,Naive Benchmark,2,336.0,2114003.4001139984,3210.9368519997224
2024-12-13,Naive Benchmark,2,336.0,2115096.995477998,1093.595363999717
2024-12-15,Naive Benchmark,2,336.0,2123463.193543998,8366.198065999895
2024-12-17,Naive Benchmark,1,168.0,2115155.527543998,-8307.666000000201
2024-12-18,Naive Benchmark,1,167.99999999999997,2132334.6431579976,17179.115613999777
2024-12-20,Naive Benchmark,1,168.0,2126317.1645829976,-6017.478575000074
2024-12-21,Naive Benchmark,1,167.99999999999997,2133038.1103109973,6720.945727999788
2024-12-25,Naive Benchmark,2,336.0,2134642.0566669973,1603.946355999913
2024-12-27,Naive Benchmark,2,336.0,2135712.0021449975,1069.9454780002125
2024-12-29,Naive Benchmark,2,336.0,2137117.245558997,1405.2434139996767
2024-12-30,Naive Benchmark,1,168.0,2134700.0207089973,-2417.2248499998823
2024-12-31,Naive Benchmark,1,167.99999999999997,2140892.900462997,6192.879753999878
2024-01-01,Dijkstra,8,182.29411764705884,637.24945,637.24945
2024-01-02,Dijkstra,12,337.7647058823529,8729.8808,8092.631350000001
2024-01-03,Dijkstra,7,189.88235294117646,10177.270625,1447.3898249999984
2024-01-04,Dijkstra,11,288.1764705882353,9989.219925,-188.05069999999978
2024-01-05,Dijkstra,8,210.88235294117646,10000.239675,11.019750000001295
2024-01-06,Dijkstra,11,288.1764705882353,10427.667425,427.4277499999989
2024-01-07,Dijkstra,15,357.88235294117646,1896.2451750000018,-8531.422249999998
2024-01-08,Dijkstra,15,429.3529411764706,19051.525675,17155.2805
2024-01-09,Dijkstra,11,288.1764705882353,22404.838575,3353.312900000001
2024-01-10,Dijkstra,11,288.1764705882353,22451.332975,46.49439999999959
2024-01-11,Dijkstra,10,267.1764705882353,24850.574750000003,2399.2417750000022
2024-01-12,Dijkstra,16,407.47058823529414,19994.494925000006,-4856.079824999997
2024-01-13,Dijkstra,18,478.05882352941177,44255.61347500002,24261.118550000014
2024-01-14,Dijkstra,10,238.58823529411765,54245.230325000004,9989.616849999984
2024-01-15,Dijkstra,7,204.1764705882353,63827.16067500001,9581.930350000002
2024-01-16,Dijkstra,10,281.47058823529414,83028.41777500001,19201.257100000003
2024-01-17,Dijkstra,4,98.29411764705883,80587.6838,-2440.73397500001
2024-01-18,Dijkstra,14,365.47058823529414,79496.65717500001,-1091.026624999984
2024-01-19,Dijkstra,6,168.88235294117646,83705.00092500003,4208.343750000015
2024-01-20,Dijkstra,1,21.0,82093.28895000003,-1611.7119749999983
2024-01-21,Dijkstra,11,273.88235294117646,78521.65867500003,-3571.630275000003
2024-01-22,Dijkstra,7,204.1764705882353,83826.43095000002,5304.772274999996
2024-01-23,Dijkstra,11,288.1764705882353,83480.98375000003,-345.44719999999506
2024-01-24,Dijkstra,5,133.58823529411765,83409.91640000003,-71.06734999999753
2024-01-25,Dijkstra,15,386.47058823529414,83031.80267500006,-378.1137249999738
2024-01-26,Dijkstra,12,323.47058823529414,89211.28047500007,6179.477800000008
2024-01-27,Dijkstra,12,309.1764705882353,97000.18375000007,7788.903275000004
2024-01-28,Dijkstra,14,351.1764705882353,105785.06910000008,8784.885350000011
2024-01-29,Dijkstra,6,183.1764705882353,110744.83192500008,4959.762824999998
2024-01-30,Dijkstra,11,273.88235294117646,108654.0565000001,-2090.7754249999853
2024-01-31,Dijkstra,8,210.88235294117646,107813.2546500001,-840.8018499999889
2024-02-01,Dijkstra,3,91.58823529411765,109964.7300000001,2151.4753499999933
2024-02-02,Dijkstra,16,421.7647058823529,116084.24590000007,6119.515899999969
2024-02-03,Dijkstra,16,407.47058823529414,122061.71670000008,5977.47080000001
2024-02-04,Dijkstra,8,210.88235294117646,121171.04730000008,-890.6693999999989
2024-02-05,Dijkstra,4,98.29411764705883,119525.3114750001,-1645.7358249999816
2024-02-06,Dijkstra,7,189.88235294117646,121557.3404000001,2032.028925000006
2024-02-07,Dijkstra,12,323.47058823529414,123189.1221000001,1631.7816999999923
2024-02-08,Dijkstra,16,421.7647058823529,126453.60442500011,3264.482325000019
2024-02-09,Dijkstra,15,386.47058823529414,123996.55847500011,-2457.0459499999997
2024-02-10,Dijkstra,16,436.05882352941177,135267.5914000001,11271.032924999978
2024-02-11,Dijkstra,13,344.47058823529414,145755.93062500007,10488.339224999974
2024-02-12,Dijkstra,14,365.47058823529414,157227.58197500007,11471.65135
2024-02-13,Dijkstra,14,365.47058823529414,166555.1312750001,9327.549300000042
2024-02-14,Dijkstra,16,421.7647058823529,177798.7855000001,11243.654224999977
2024-02-15,Dijkstra,10,238.58823529411765,180766.7895500001,2968.0040500000177
2024-02-16,Dijkstra,11,316.7647058823529,185781.81152500008,5015.0219749999815
2024-02-17,Dijkstra,16,421.7647058823529,189602.70012500006,3820.8885999999766
2024-02-18,Dijkstra,12,309.1764705882353,201110.16930000004,11507.469174999977
2024-02-19,Dijkstra,13,344.47058823529414,202929.817525,1819.6482249999535
2024-02-20,Dijkstra,11,288.1764705882353,201796.8655,-1132.9520249999769
2024-02-21,Dijkstra,14,379.7647058823529,210937.15687499996,9140.291374999942
2024-02-22,Dijkstra,12,309.1764705882353,218467.51257499997,7530.355700000015
2024-02-23,Dijkstra,10,267.1764705882353,222405.607675,3938.095100000035
2024-02-24,Dijkstra,15,386.47058823529414,230899.07505,8493.467375000007
2024-02-25,Dijkstra,10,238.58823529411765,238682.38387499997,7783.308824999956
2024-02-26,Dijkstra,5,162.1764705882353,242366.957725,3684.573850000015
2024-02-27,Dijkstra,15,400.7647058823529,248608.07142499997,6241.113699999987
2024-02-28,Dijkstra,14,365.47058823529414,253977.96399999998,5369.892575000005
2024-02-29,Dijkstra,14,365.47058823529414,265237.8347,11259.870700000029
2024-03-01,Dijkstra,11,288.1764705882353,276169.13585000014,10931.30115000013
2024-03-02,Dijkstra,17,457.05882352941177,280269.16822500015,4100.03237500001
2024-03-03,Dijkstra,10,252.88235294117646,291554.53165000014,11285.363424999989
2024-03-04,Dijkstra,15,400.7647058823529,308309.9626000001,16755.43094999995
2024-03-05,Dijkstra,14,365.47058823529414,317953.44930000015,9643.486700000067
2024-03-06,Dijkstra,12,309.1764705882353,322292.8814000001,4339.432099999918
2024-03-07,Dijkstra,11,288.1764705882353,324940.89295,2648.0115499999374
2024-03-08,Dijkstra,17,457.05882352941177,337414.9532249999,12474.06027499988
2024-03-09,Dijkstra,15,400.7647058823529,350801.5020249998,13386.548799999931
2024-03-10,Dijkstra,11,288.1764705882353,360118.7217249997,9317.2196999999
2024-03-11,Dijkstra,16,421.7647058823529,371506.7403749998,11388.0186500001
2024-03-12,Dijkstra,14,336.88235294117646,372379.5968999998,872.856524999952
2024-03-13,Dijkstra,16,450.3529411764706,384387.92892499967,12008.332024999894
2024-03-14,Dijkstra,13,344.47058823529414,390806.30669999955,6418.377774999884
2024-03-15,Dijkstra,14,365.47058823529414,390723.4883499995,-82.81835000007413
2024-03-16,Dijkstra,11,288.1764705882353,391181.0699999995,457.58165000000736
2024-03-17,Dijkstra,9,231.88235294117646,402387.28047499957,11206.210475000087
2024-03-18,Dijkstra,15,400.7647058823529,407957.2229749996,5569.942500000005
2024-03-19,Dijkstra,13,330.1764705882353,414489.3239499996,6532.1009750000085
2024-03-20,Dijkstra,18,492.3529411764706,425184.4980499997,10695.17410000012
2024-03-21,Dijkstra,12,309.1764705882353,436585.89607499965,11401.398024999944
2024-03-22,Dijkstra,16,421.7647058823529,442361.3398249996,5775.443749999977
2024-03-23,Dijkstra,18,478.05882352941177,456241.2599749997,13879.920150000078
2024-03-24,Dijkstra,14,351.1764705882353,461542.36854999966,5301.108574999962
2024-03-25,Dijkstra,16,436.05882352941177,472847.90342499973,11305.53487500007
2024-03-26,Dijkstra,16,421.7647058823529,481823.36804999976,8975.464625000022
2024-03-27,Dijkstra,17,442.7647058823529,491545.1394249998,9721.77137500007
2024-03-28,Dijkstra,17,457.05882352941177,505244.6368499998,13699.49742499995
2024-03-29,Dijkstra,12,309.1764705882353,515412.0442249998,10167.40737500001
2024-03-30,Dijkstra,13,344.47058823529414,514720.1643249997,-691.8799000000581
2024-03-31,Dijkstra,9,203.29411764705884,516550.9707999997,1830.8064749999903
2024-04-01,Dijkstra,12,323.47058823529414,525077.6138249997,8526.64302499994
2024-04-02,Dijkstra,16,450.3529411764706,541257.8911749996,16180.27734999999
2024-04-03,Dijkstra,15,386.47058823529414,554185.9382749998,12928.0471000002
2024-04-04,Dijkstra,16,407.47058823529414,563714.5068749997,9528.568599999882
2024-04-05,Dijkstra,17,457.05882352941177,574516.7293249998,10802.222450000118
2024-04-06,Dijkstra,16,436.05882352941177,591735.5975499998,17218.868224999984
2024-04-07,Dijkstra,12,309.1764705882353,603283.9308749998,11548.333325000014
2024-04-08,Dijkstra,17,428.47058823529414,614273.2985749999,10989.36770000006
2024-04-09,Dijkstra,16,421.7647058823529,626614.4251000001,12341.126525000203
2024-04-10,Dijkstra,17,471.3529411764706,641143.6206000001,14529.19550000003
2024-04-11,Dijkstra,13,344.47058823529414,646896.8709750001,5753.250374999945
2024-04-12,Dijkstra,12,309.1764705882353,651878.8249250003,4981.953950000228
2024-04-13,Dijkstra,12,294.88235294117646,658243.020675,6364.1957499997225
2024-04-14,Dijkstra,13,358.7647058823529,667102.7525000001,8859.731825000024
2024-04-15,Dijkstra,17,457.05882352941177,678809.4103500001,11706.657850000076
2024-04-16,Dijkstra,13,344.47058823529414,689266.6847000001,10457.274349999963
2024-04-17,Dijkstra,12,309.1764705882353,695877.2902749999,6610.6055749998195
2024-04-18,Dijkstra,17,442.7647058823529,699930.5761749999,4053.285900000017
2024-04-19,Dijkstra,15,400.7647058823529,706746.1620249999,6815.585849999916
2024-04-20,Dijkstra,13,330.1764705882353,712236.388475,5490.226450000191
2024-04-21,Dijkstra,14,379.7647058823529,723494.8374500001,11258.448975000065
2024-04-22,Dijkstra,16,421.7647058823529,729693.249975,6198.412524999934
2024-04-23,Dijkstra,14,365.47058823529414,733754.2376,4060.9876249999506
2024-04-24,Dijkstra,15,400.7647058823529,740540.1413250001,6785.903725000098
2024-04-25,Dijkstra,13,344.47058823529414,747192.7505249999,6652.609199999832
2024-04-26,Dijkstra,18,463.7647058823529,748261.3287249998,1068.5781999998726
2024-04-27,Dijkstra,14,351.1764705882353,755801.7819999998,7540.453274999978
2024-04-28,Dijkstra,16,450.3529411764706,770179.6988749999,14377.916875000112
2024-04-29,Dijkstra,12,309.1764705882353,777770.7742999999,7591.075425000046
2024-04-30,Dijkstra,15,400.7647058823529,786283.56905,8512.794750000117
2024-05-01,Dijkstra,15,386.47058823529414,791887.7511250001,5604.182075000019
2024-05-02,Dijkstra,15,400.7647058823529,798296.8076250001,6409.056500000064
2024-05-03,Dijkstra,13,344.47058823529414,803209.6094749998,4912.801849999698
2024-05-04,Dijkstra,11,288.1764705882353,808198.4310999998,4988.821624999982
2024-05-05,Dijkstra,13,344.47058823529414,816518.1623749997,8319.731274999911
2024-05-06,Dijkstra,18,463.7647058823529,824529.4021499997,8011.239775000024
2024-05-07,Dijkstra,18,478.05882352941177,835069.3321499996,10539.929999999818
2024-05-08,Dijkstra,15,400.7647058823529,843981.8229749996,8912.490824999986
2024-05-09,Dijkstra,11,259.5882352941177,844328.3315749996,346.50860000005923
2024-05-10,Dijkstra,20,548.6470588235294,852395.9103999994,8067.578824999742
2024-05-11,Dijkstra,12,323.47058823529414,861346.4661749993,8950.555774999899
2024-05-12,Dijkstra,11,288.1764705882353,872400.5164999991,11054.050324999844
2024-05-13,Dijkstra,14,365.47058823529414,872912.215374999,511.69887499988545
2024-05-14,Dijkstra,11,288.1764705882353,877457.1278999991,4544.912525000167
2024-05-15,Dijkstra,13,344.47058823529414,877503.6355749991,46.507675000000745
2024-05-16,Dijkstra,14,365.47058823529414,881600.9197749993,4097.284200000111
2024-05-17,Dijkstra,13,344.47058823529414,888167.8803999996,6566.960625000298
2024-05-18,Dijkstra,13,344.47058823529414,894923.1339749993,6755.253574999748
2024-05-19,Dijkstra,13,344.47058823529414,905144.7639999993,10221.630024999962
2024-05-20,Dijkstra,16,421.7647058823529,909070.9037249994,3926.139725000132
2024-05-21,Dijkstra,16,421.7647058823529,916762.8714249993,7691.967699999921
2024-05-22,Dijkstra,11,288.1764705882353,923019.4476249991,6256.576199999778
2024-05-23,Dijkstra,17,442.7647058823529,930908.8256999991,7889.378075000015
2024-05-24,Dijkstra,15,400.7647058823529,937631.2554749991,6722.429774999968
2024-05-25,Dijkstra,14,365.47058823529414,947042.5860499991,9411.330575000029
2024-05-26,Dijkstra,17,442.7647058823529,955413.4347499992,8370.84870000009
2024-05-27,Dijkstra,13,344.47058823529414,971093.1382999993,15679.703550000093
2024-05-28,Dijkstra,15,400.7647058823529,976178.6912499993,5085.552950000041
2024-05-29,Dijkstra,17,442.7647058823529,981744.8682999993,5566.17704999994
2024-05-30,Dijkstra,14,365.47058823529414,982641.3252999992,896.4569999999367
2024-05-31,Dijkstra,15,400.7647058823529,983042.1338749994,400.80857500014827
2024-06-01,Dijkstra,18,478.05882352941177,994413.1437499995,11371.009875000105
2024-06-02,Dijkstra,19,499.05882352941177,1005041.1405999992,10627.996849999763
2024-06-03,Dijkstra,14,365.47058823529414,1007795.772574999,2754.631974999793
2024-06-04,Dijkstra,10,238.58823529411765,1008771.827024999,976.0544499999378
2024-06-05,Dijkstra,13,358.7647058823529,1012053.6922749988,3281.865249999799
2024-06-06,Dijkstra,11,302.47058823529414,1014125.2416749988,2071.549400000018
2024-06-07,Dijkstra,11,288.1764705882353,1015573.5466749988,1448.3050000000512
2024-06-08,Dijkstra,13,344.47058823529414,1017805.1166749985,2231.569999999716
2024-06-09,Dijkstra,12,309.1764705882353,1022435.7204749986,4630.603800000041
2024-06-10,Dijkstra,10,267.1764705882353,1025449.1464499986,3013.42597500002
2024-06-11,Dijkstra,15,386.47058823529414,1024491.6893499985,-957.457100000116
2024-06-12,Dijkstra,12,323.47058823529414,1025199.3688249984,707.6794749998953
2024-06-13,Dijkstra,16,421.7647058823529,1025131.2418499984,-68.12697500002105
2024-06-14,Dijkstra,14,365.47058823529414,1025442.5395249985,311.2976750001544
2024-06-15,Dijkstra,17,442.7647058823529,1032264.4891249987,6821.949600000167
2024-06-16,Dijkstra,18,463.7647058823529,1037203.5111999986,4939.02207499987
2024-06-17,Dijkstra,15,400.7647058823529,1044079.3504499986,6875.839250000077
2024-06-18,Dijkstra,16,421.7647058823529,1046322.9490249985,2243.5985749998363
2024-06-19,Dijkstra,16,407.47058823529414,1048883.2507999982,2560.301774999709
2024-06-20,Dijkstra,14,394.05882352941177,1051826.5838999979,2943.333099999698
2024-06-21,Dijkstra,14,365.47058823529414,1052897.6733249978,1071.0894249998964
2024-06-22,Dijkstra,16,421.7647058823529,1053149.756674998,252.08335000020452
2024-06-23,Dijkstra,11,288.1764705882353,1053204.5220249977,54.76534999976866
2024-06-24,Dijkstra,10,252.88235294117646,1051745.5790749975,-1458.942950000288
2024-06-25,Dijkstra,8,225.1764705882353,1055233.2407499976,3487.6616750000976
2024-06-26,Dijkstra,9,231.88235294117646,1054440.1253249976,-793.1154249999672
2024-06-27,Dijkstra,10,267.1764705882353,1056185.0673749978,1744.942050000187
2024-06-28,Dijkstra,13,344.47058823529414,1056605.0251749977,419.95779999997467
2024-06-29,Dijkstra,11,288.1764705882353,1057128.1363249978,523.1111500000115
2024-06-30,Dijkstra,12,294.88235294117646,1057108.9898749976,-19.1464500001166
2024-07-01,Dijkstra,15,415.05882352941177,1059954.7302749977,2845.7404000000097
2024-07-02,Dijkstra,13,330.1764705882353,1058369.6566749976,-1585.0736000000034
2024-07-03,Dijkstra,11,302.47058823529414,1060545.3787749978,2175.72210000013
2024-07-04,Dijkstra,14,365.47058823529414,1060246.0532249978,-299.32554999995045
2024-07-05,Dijkstra,13,344.47058823529414,1061669.022474998,1422.969250000082
2024-07-06,Dijkstra,11,288.1764705882353,1061766.5092749977,97.4867999998387
2024-07-07,Dijkstra,12,309.1764705882353,1060865.2933749973,-901.2159000004176
2024-07-08,Dijkstra,11,302.47058823529414,1064156.2134499976,3290.9200750002638
2024-07-09,Dijkstra,13,330.1764705882353,1062514.0864999976,-1642.126949999947
2024-07-10,Dijkstra,12,323.47058823529414,1066666.2746249975,4152.18812499987
2024-07-11,Dijkstra,10,267.1764705882353,1067533.3989499975,867.1243249999825
2024-07-12,Dijkstra,6,154.58823529411765,1066560.3841499977,-973.0147999997716
2024-07-13,Dijkstra,14,365.47058823529414,1066878.6072999977,318.22314999997616
2024-07-14,Dijkstra,10,267.1764705882353,1069946.6506249977,3068.043324999977
2024-07-15,Dijkstra,15,386.47058823529414,1069162.5561999977,-784.0944250000175
2024-07-16,Dijkstra,12,323.47058823529414,1071609.0462999977,2446.4901000000536
2024-07-17,Dijkstra,10,267.1764705882353,1072733.1203749976,1124.074074999895
2024-07-18,Dijkstra,8,210.88235294117646,1072654.7549749974,-78.36540000024252
2024-07-19,Dijkstra,14,365.47058823529414,1071285.4494749971,-1369.3055000002496
2024-07-20,Dijkstra,11,288.1764705882353,1070430.1261749968,-855.3233000002801
2024-07-21,Dijkstra,9,231.88235294117646,1069453.2783249968,-976.8478500000201
2024-07-22,Dijkstra,9,217.58823529411765,1065069.3009999972,-4383.977324999636
2024-07-23,Dijkstra,17,471.3529411764706,1111265.2193499978,46195.91835000063
2024-07-24,Dijkstra,12,323.47058823529414,1120664.6338749977,9399.414524999913
2024-07-25,Dijkstra,10,252.88235294117646,1118563.1592499975,-2101.4746250002645
2024-07-26,Dijkstra,9,246.1764705882353,1120613.4521249973,2050.29287499981
2024-07-27,Dijkstra,8,210.88235294117646,1121002.0427749972,388.59064999991097
2024-07-28,Dijkstra,14,351.1764705882353,1121165.2439999972,163.20122499996796
2024-07-29,Dijkstra,10,267.1764705882353,1120999.6866749974,-165.55732499971054
2024-07-30,Dijkstra,11,302.47058823529414,1123321.0757749977,2321.3891000002623
2024-07-31,Dijkstra,16,421.7647058823529,1123829.0241499979,507.94837500015274
2024-08-01,Dijkstra,3,77.29411764705883,1123432.4618249978,-396.56232500006445
2024-08-02,Dijkstra,8,196.58823529411765,1119101.692699998,-4330.769124999875
2024-08-03,Dijkstra,9,246.1764705882353,1120731.9228999978,1630.2301999998745
2024-08-04,Dijkstra,13,344.47058823529414,1122093.8762749976,1361.9533749998081
2024-08-05,Dijkstra,10,267.1764705882353,1124530.7836249978,2436.907350000227
2024-08-06,Dijkstra,11,288.1764705882353,1124606.137274998,75.35365000017919
2024-08-07,Dijkstra,3,77.29411764705883,1124205.622774998,-400.51450000004843
2024-08-08,Dijkstra,9,231.88235294117646,1123645.0903999982,-560.5323749997187
2024-08-09,Dijkstra,5,133.58823529411765,1123535.7370249985,-109.35337499971502
2024-08-10,Dijkstra,10,267.1764705882353,1124639.0766749985,1103.3396499999799
2024-08-11,Dijkstra,11,288.1764705882353,1125229.3795999982,590.3029249997344
2024-08-12,Dijkstra,10,267.1764705882353,1125593.665599998,364.28599999984726
2024-08-13,Dijkstra,11,288.1764705882353,1125765.1389999979,171.4733999997843
2024-08-14,Dijkstra,13,344.47058823529414,1127164.0678749979,1398.9288749999832
2024-08-15,Dijkstra,10,252.88235294117646,1125625.177799998,-1538.8900749997701
2024-08-16,Dijkstra,14,379.7647058823529,1126981.085799998,1355.9079999998212
2024-08-17,Dijkstra,8,210.88235294117646,1126963.869374998,-17.216424999991432
2024-08-18,Dijkstra,10,238.58823529411765,1124775.8207749978,-2188.0486000000965
2024-08-19,Dijkstra,9,260.47058823529414,1128440.9928499972,3665.1720749994274
2024-08-20,Dijkstra,13,344.47058823529414,1130370.9894749972,1929.9966249999125
2024-08-21,Dijkstra,6,154.58823529411765,1129830.227524997,-540.7619500001892
2024-08-22,Dijkstra,10,252.88235294117646,1128502.4990249972,-1327.7284999997355
2024-08-23,Dijkstra,15,400.7647058823529,1129965.271724997,1462.7726999998558
2024-08-24,Dijkstra,17,442.7647058823529,1133779.3275999965,3814.0558749993797
2024-08-25,Dijkstra,17,442.7647058823529,1137032.5452499962,3253.217649999773
2024-08-26,Dijkstra,12,323.47058823529414,1138728.1809999964,1695.6357500001322
2024-08-27,Dijkstra,12,323.47058823529414,1139675.5745999962,947.3935999998357
2024-08-28,Dijkstra,12,309.1764705882353,1139706.3135749965,30.738975000334904
2024-08-29,Dijkstra,11,273.88235294117646,1137413.7141249964,-2292.599450000096
2024-08-30,Dijkstra,12,337.7647058823529,1140377.2894499968,2963.5753250003327
2024-08-31,Dijkstra,11,288.1764705882353,1141346.686949997,969.3975000001956
2024-09-01,Dijkstra,10,267.1764705882353,1142120.064324997,773.3773749999236
2024-09-02,Dijkstra,10,252.88235294117646,1141429.4660999968,-690.5982250000816
2024-09-03,Dijkstra,10,267.1764705882353,1142267.9208249967,838.4547249998432
2024-09-04,Dijkstra,12,323.47058823529414,1143984.370724997,1716.4499000003561
2024-09-05,Dijkstra,11,288.1764705882353,1144909.2629499969,924.8922249998432
2024-09-06,Dijkstra,11,273.88235294117646,1141400.8915999967,-3508.371350000147
2024-09-07,Dijkstra,13,358.7647058823529,1145698.5601999972,4297.668600000441
2024-09-08,Dijkstra,11,288.1764705882353,1149008.8185749971,3310.258374999976
2024-09-09,Dijkstra,11,288.1764705882353,1150226.499699997,1217.6811249998864
2024-09-10,Dijkstra,11,288.1764705882353,1150297.4772749967,70.97757499967702
2024-09-11,Dijkstra,10,267.1764705882353,1151554.5653249966,1257.088049999904
2024-09-12,Dijkstra,13,315.88235294117646,1152809.0145249967,1254.4492000001483
2024-09-13,Dijkstra,14,379.7647058823529,1153570.517674997,761.5031500002369
2024-09-14,Dijkstra,8,225.1764705882353,1156166.641524997,2596.123850000091
2024-09-15,Dijkstra,13,330.1764705882353,1156155.1735749973,-11.467949999729171
2024-09-16,Dijkstra,11,302.47058823529414,1160729.0952999971,4573.921724999789
2024-09-17,Dijkstra,12,280.5882352941177,1163783.0742499973,3053.9789500001352
2024-09-18,Dijkstra,12,323.47058823529414,1167658.9460249976,3875.871775000356
2024-09-19,Dijkstra,10,281.47058823529414,1170300.0911749979,2641.1451500002295
2024-09-20,Dijkstra,9,231.88235294117646,1169341.6160249978,-958.4751500000712
2024-09-21,Dijkstra,16,436.05882352941177,1173036.0767749976,3694.460749999853
2024-09-22,Dijkstra,10,238.58823529411765,1172433.5394249975,-602.5373500001151
2024-09-23,Dijkstra,9,260.47058823529414,1176021.5811499977,3588.0417250001337
2024-09-24,Dijkstra,9,231.88235294117646,1175328.1368999977,-693.4442499999423
2024-09-25,Dijkstra,10,267.1764705882353,1176061.2072249975,733.0703249997459
2024-09-26,Dijkstra,11,288.1764705882353,1176721.6465249977,660.4393000002019
2024-09-27,Dijkstra,9,231.88235294117646,1176206.8597249973,-514.7868000003509
2024-09-28,Dijkstra,10,267.1764705882353,1177094.716474997,887.8567499998026
2024-09-29,Dijkstra,12,309.1764705882353,1177761.510649997,666.79417499993
2024-09-30,Dijkstra,12,323.47058823529414,1181248.8911749967,3487.380524999695
2024-10-01,Dijkstra,11,288.1764705882353,1183073.4045999965,1824.513424999779
2024-10-02,Dijkstra,12,309.1764705882353,1181942.0894499961,-1131.3151500003878
2024-10-03,Dijkstra,9,246.1764705882353,1185676.575774996,3734.486324999947
2024-10-04,Dijkstra,5,133.58823529411765,1186016.1043749962,339.52860000007786
2024-10-05,Dijkstra,11,288.1764705882353,1186711.1999249966,695.0955500004347
2024-10-06,Dijkstra,10,267.1764705882353,1188048.5617249964,1337.3617999998387
2024-10-07,Dijkstra,16,421.7647058823529,1189405.6501999965,1357.0884750001132
2024-10-08,Dijkstra,10,252.88235294117646,1187097.5074249965,-2308.142775000073
2024-10-09,Dijkstra,9,246.1764705882353,1189604.8291749968,2507.321750000352
2024-10-10,Dijkstra,9,217.58823529411765,1186329.4702249966,-3275.3589500002563
2024-10-11,Dijkstra,13,358.7647058823529,1190202.8918999967,3873.421675000107
2024-10-12,Dijkstra,9,231.88235294117646,1190299.8934749968,97.00157500011846
2024-10-13,Dijkstra,15,400.7647058823529,1192616.782999997,2316.889525000239
2024-10-14,Dijkstra,13,344.47058823529414,1193890.5617499975,1273.7787500005215
2024-10-15,Dijkstra,6,140.29411764705884,1190732.724024998,-3157.8377249995247
2024-10-16,Dijkstra,13,344.47058823529414,1190922.9162999978,190.1922749998048
2024-10-17,Dijkstra,13,358.7647058823529,1196433.6939749974,5510.777674999554
2024-10-18,Dijkstra,11,288.1764705882353,1196653.1487249972,219.4547499998007
2024-10-19,Dijkstra,13,315.88235294117646,1198708.8494999972,2055.700775000034
2024-10-20,Dijkstra,14,379.7647058823529,1203706.7123999973,4997.862900000066
2024-10-21,Dijkstra,16,421.7647058823529,1206141.1803999979,2434.4680000005756
2024-10-22,Dijkstra,11,288.1764705882353,1207472.2056249976,1331.0252249997575
2024-10-23,Dijkstra,7,189.88235294117646,1208307.1010749976,834.8954499999527
2024-10-24,Dijkstra,11,288.1764705882353,1207868.213974998,-438.8870999994688
2024-10-25,Dijkstra,12,323.47058823529414,1210744.9922249983,2876.7782500002068
2024-10-26,Dijkstra,11,288.1764705882353,1211882.9865499982,1137.9943249998614
2024-10-27,Dijkstra,10,267.1764705882353,1212080.3174999985,197.33095000032336
2024-10-28,Dijkstra,18,478.05882352941177,1213632.5216749988,1552.2041750003118
2024-10-29,Dijkstra,14,351.1764705882353,1215853.9476749992,2221.4260000004433
2024-10-30,Dijkstra,13,358.7647058823529,1224553.574724999,8699.627049999777
2024-10-31,Dijkstra,14,336.88235294117646,1226904.120849999,2350.546124999877
2024-11-01,Dijkstra,11,316.7647058823529,1230461.1432749992,3557.022425000323
2024-11-02,Dijkstra,9,217.58823529411765,1230155.4276999994,-305.71557499980554
2024-11-03,Dijkstra,14,365.47058823529414,1236464.5689249996,6309.141225000145
2024-11-04,Dijkstra,14,394.05882352941177,1241942.8810999999,5478.312175000319
2024-11-05,Dijkstra,11,288.1764705882353,1242755.5065999997,812.6254999998491
2024-11-06,Dijkstra,11,273.88235294117646,1245663.0972749998,2907.5906750001013
2024-11-07,Dijkstra,15,415.05882352941177,1254158.2689250002,8495.171650000382
2024-11-08,Dijkstra,12,309.1764705882353,1253664.0615000003,-494.2074249999132
2024-11-09,Dijkstra,14,365.47058823529414,1259533.417975,5869.356474999804
2024-11-10,Dijkstra,13,330.1764705882353,1263660.82865,4127.410674999934
2024-11-11,Dijkstra,12,337.7647058823529,1266640.0527750002,2979.2241250001825
2024-11-12,Dijkstra,15,357.88235294117646,1264918.8739250002,-1721.1788500000257
2024-11-13,Dijkstra,8,239.47058823529414,1269323.3536000003,4404.479675000068
2024-11-14,Dijkstra,13,344.47058823529414,1270589.913625,1266.5600249997806
2024-11-15,Dijkstra,13,330.1764705882353,1274146.6712500001,3556.7576250000857
2024-11-16,Dijkstra,12,323.47058823529414,1286890.201575,12743.530324999942
2024-11-17,Dijkstra,14,365.47058823529414,1295187.7638250005,8297.562250000425
2024-11-18,Dijkstra,14,379.7647058823529,1302078.9117250005,6891.147899999982
2024-11-19,Dijkstra,14,365.47058823529414,1307960.9090000007,5881.997275000205
2024-11-20,Dijkstra,13,330.1764705882353,1309044.1822500008,1083.2732500000857
2024-11-21,Dijkstra,16,436.05882352941177,1313738.934875001,4694.752625000197
2024-11-22,Dijkstra,13,344.47058823529414,1316284.845000001,2545.9101249999367
2024-11-23,Dijkstra,13,344.47058823529414,1317381.2106750004,1096.3656749995425
2024-11-24,Dijkstra,10,238.58823529411765,1316480.2237000007,-900.9869749997742
2024-11-25,Dijkstra,4,112.58823529411765,1317229.7134750006,749.4897749999072
2024-11-26,Dijkstra,4,98.29411764705883,1315760.7932250004,-1468.9202500001993
2024-11-27,Dijkstra,8,225.1764705882353,1318365.4547250003,2604.661499999929
2024-11-28,Dijkstra,12,323.47058823529414,1320160.1208250006,1794.6661000002641
2024-11-29,Dijkstra,6,154.58823529411765,1319050.3856000006,-1109.735224999953
2024-11-30,Dijkstra,10,267.1764705882353,1320696.036625001,1645.651025000494
2024-12-01,Dijkstra,11,288.1764705882353,1320772.3340500009,76.29742499976419
2024-12-02,Dijkstra,10,267.1764705882353,1321787.1916750006,1014.8576249997132
2024-12-03,Dijkstra,9,231.88235294117646,1320977.355975,-809.8357000006363
2024-12-04,Dijkstra,14,365.47058823529414,1322912.75385,1935.3978750000242
2024-12-05,Dijkstra,12,323.47058823529414,1323073.8718499998,161.11799999978393
2024-12-06,Dijkstra,12,309.1764705882353,1322249.4380749995,-824.4337750002742
2024-12-07,Dijkstra,10,267.1764705882353,1323190.9845999999,941.5465250003617
2024-12-08,Dijkstra,13,344.47058823529414,1326074.7269999997,2883.742399999872
2024-12-09,Dijkstra,11,288.1764705882353,1326219.7477499996,145.02074999990873
2024-12-10,Dijkstra,11,288.1764705882353,1328504.6675249995,2284.919774999842
2024-12-11,Dijkstra,10,252.88235294117646,1326108.7236999995,-2395.9438249999657
2024-12-12,Dijkstra,10,267.1764705882353,1331190.5863999994,5081.86269999994
2024-12-13,Dijkstra,9,246.1764705882353,1332623.1972249993,1432.6108249998651
2024-12-14,Dijkstra,6,154.58823529411765,1332330.6786249992,-292.51860000006855
2024-12-15,Dijkstra,8,196.58823529411765,1335324.8344499995,2994.1558250002563
2024-12-16,Dijkstra,6,154.58823529411765,1334733.6251499993,-591.2093000002205
2024-12-17,Dijkstra,11,273.88235294117646,1330807.5270499995,-3926.0980999998283
2024-12-18,Dijkstra,18,492.3529411764706,1351098.106474999,20290.579424999654
2024-12-19,Dijkstra,8,225.1764705882353,1353436.1128249988,2338.0063499996904
2024-12-20,Dijkstra,10,267.1764705882353,1354217.2928999988,781.1800750000402
2024-12-21,Dijkstra,11,288.1764705882353,1353939.2947999986,-277.9981000002008
2024-12-22,Dijkstra,2,56.294117647058826,1354388.9102249986,449.6154249999672
2024-12-23,Dijkstra,8,210.88235294117646,1354094.3067499984,-294.60347500024363
2024-12-24,Dijkstra,1,21.0,1353229.5776499982,-864.7291000001132
2024-12-25,Dijkstra,13,344.47058823529414,1354385.4333499984,1155.8557000001892
2024-12-26,Dijkstra,6,154.58823529411765,1354342.7560249981,-42.677325000287965
2024-12-27,Dijkstra,9,231.88235294117646,1354784.6381249982,441.8821000000462
2024-12-28,Dijkstra,9,246.1764705882353,1356355.158149998,1570.5200249997433
2024-12-29,Dijkstra,12,309.1764705882353,1356577.9693499983,222.8112000003457
2024-12-30,Dijkstra,10,252.88235294117646,1356912.475674998,334.5063249997329
2024-12-31,Dijkstra,9,246.1764705882353,1358738.0750249983,1825.599350000266
