algorithm,date,datetime,trade_type,power_mw,energy_mwh,price_per_mwh,trade_amount,soc_after,cumulative_revenue
Naive Benchmark,2024-01-01,2024-01-01 08:00:00-08:00,charge,30.0,168.0,11.675305,-168.0,168.0,-1855.6972249999994
Naive Benchmark,2024-01-02,2024-01-02 02:00:00-08:00,discharge,30.0,167.99999999999997,46.472343666666674,167.99999999999997,2.842170943040401e-14,4747.604525000001
Naive Benchmark,2024-01-02,2024-01-02 08:00:00-08:00,charge,30.0,168.0,25.553680925925928,-168.0,168.00000000000003,-446.1037749999996
Naive Benchmark,2024-01-02,2024-01-02 18:00:00-08:00,discharge,30.0,167.99999999999997,66.021537,167.99999999999997,5.684341886080802e-14,8995.808477
Naive Benchmark,2024-01-04,2024-01-04 08:00:00-08:00,charge,30.0,168.0,37.587029907407405,-168.0,168.00000000000006,562.6278770000008
Naive Benchmark,2024-01-04,2024-01-04 16:00:00-08:00,discharge,30.0,167.99999999999997,61.477215499999986,167.99999999999997,8.526512829121202e-14,9338.894582
Naive Benchmark,2024-01-06,2024-01-06 07:00:00-08:00,charge,30.0,168.0,42.065173055555555,-168.0,168.00000000000009,88.97285700000066
Naive Benchmark,2024-01-06,2024-01-06 18:00:00-08:00,discharge,30.0,167.99999999999997,68.37514566666667,167.99999999999997,1.1368683772161603e-13,9867.663469000001
Naive Benchmark,2024-01-07,2024-01-07 08:00:00-08:00,charge,30.0,168.0,26.37241444444445,-168.0,168.0000000000001,4906.686569
Naive Benchmark,2024-01-08,2024-01-08 02:00:00-08:00,discharge,30.0,167.99999999999997,130.88980966666668,167.99999999999997,1.4210854715202004e-13,23196.452451
Naive Benchmark,2024-01-08,2024-01-08 08:00:00-08:00,charge,30.0,168.0,52.52179092592593,-168.0,168.00000000000014,12066.878826
Naive Benchmark,2024-01-08,2024-01-08 16:00:00-08:00,discharge,30.0,167.99999999999997,105.30675616666667,167.99999999999997,1.7053025658242404e-13,27115.305804999996
Naive Benchmark,2024-01-09,2024-01-09 08:00:00-08:00,charge,30.0,168.0,13.353910648148151,-168.0,168.00000000000017,25299.319254999995
Naive Benchmark,2024-01-09,2024-01-09 17:00:00-08:00,discharge,30.0,167.99999999999997,64.57253483333332,167.99999999999997,1.9895196601282805e-13,34520.90291399999
Naive Benchmark,2024-01-10,2024-01-10 08:00:00-08:00,charge,30.0,168.0,43.06835759259259,-168.0,168.0000000000002,25245.054963999988
Naive Benchmark,2024-01-10,2024-01-10 16:00:00-08:00,discharge,30.0,167.99999999999997,79.21987566666667,167.99999999999997,2.2737367544323206e-13,36571.75564399999
Naive Benchmark,2024-01-11,2024-01-11 08:00:00-08:00,charge,30.0,168.0,24.87029009259259,-168.0,168.00000000000023,32202.74624399999
Naive Benchmark,2024-01-12,2024-01-12 02:00:00-08:00,discharge,30.0,167.99999999999997,83.97655449999999,167.99999999999997,2.5579538487363607e-13,44199.01898699999
Naive Benchmark,2024-01-12,2024-01-12 08:00:00-08:00,charge,30.0,168.0,33.75380027777778,-168.0,168.00000000000026,36955.33596199999
Naive Benchmark,2024-01-13,2024-01-13 02:00:00-08:00,discharge,30.0,167.99999999999997,214.54964216666667,167.99999999999997,2.8421709430404007e-13,67438.35042899998
Naive Benchmark,2024-01-13,2024-01-13 08:00:00-08:00,charge,30.0,168.0,6.275689907407408,-168.0,168.00000000000028,69435.54885399998
Naive Benchmark,2024-01-13,2024-01-13 20:00:00-08:00,discharge,30.0,167.99999999999997,188.90686083333333,167.99999999999997,3.126388037344441e-13,96160.25405099998
Naive Benchmark,2024-01-14,2024-01-14 08:00:00-08:00,charge,30.0,168.0,-3.1367956481481496,-168.0,168.0000000000003,101619.92862599998
Naive Benchmark,2024-01-15,2024-01-15 02:00:00-08:00,discharge,30.0,167.99999999999997,162.86485716666667,167.99999999999997,3.410605131648481e-13,124704.65309499997
Naive Benchmark,2024-01-15,2024-01-15 08:00:00-08:00,charge,30.0,168.0,121.07026787037037,-168.0,168.00000000000034,98133.68344499997
Naive Benchmark,2024-01-16,2024-01-16 02:00:00-08:00,discharge,30.0,167.99999999999997,234.5728256666667,167.99999999999997,3.694822225952521e-13,131254.08532899996
Naive Benchmark,2024-01-16,2024-01-16 08:00:00-08:00,charge,30.0,168.0,93.66615361111111,-168.0,168.00000000000037,111587.15070399997
Naive Benchmark,2024-01-16,2024-01-16 16:00:00-08:00,discharge,30.0,167.99999999999997,185.6690805,167.99999999999997,3.979039320256561e-13,138119.30082699997
Naive Benchmark,2024-01-18,2024-01-18 08:00:00-08:00,charge,30.0,168.0,40.45356037037037,-168.0,168.0000000000004,129170.66532699997
Naive Benchmark,2024-01-19,2024-01-19 02:00:00-08:00,discharge,30.0,167.99999999999997,76.0759755,167.99999999999997,4.263256414560601e-13,139970.52129399998
Naive Benchmark,2024-01-23,2024-01-23 08:00:00-08:00,charge,30.0,168.0,36.57482351851852,-168.0,168.00000000000043,131551.67516899997
Naive Benchmark,2024-01-23,2024-01-23 19:00:00-08:00,discharge,30.0,167.99999999999997,71.97539916666666,167.99999999999997,4.547473508864641e-13,141910.77437399997
Naive Benchmark,2024-01-25,2024-01-25 09:00:00-08:00,charge,30.0,168.0,17.78143925925926,-168.0,168.00000000000045,138787.52272399998
Naive Benchmark,2024-01-25,2024-01-25 17:00:00-08:00,discharge,30.0,167.99999999999997,56.11753433333333,167.99999999999997,4.831690603168681e-13,146787.115936
Naive Benchmark,2024-01-26,2024-01-26 08:00:00-08:00,charge,30.0,168.0,15.759792314814812,-168.0,168.00000000000048,143992.106336
Naive Benchmark,2024-01-26,2024-01-26 17:00:00-08:00,discharge,30.0,167.99999999999997,51.87495449999999,167.99999999999997,5.115907697472721e-13,151409.40896899998
Naive Benchmark,2024-01-27,2024-01-27 08:00:00-08:00,charge,30.0,168.0,-7.189817499999999,-168.0,168.0000000000005,154679.74929399998
Naive Benchmark,2024-01-27,2024-01-27 17:00:00-08:00,discharge,30.0,167.99999999999997,44.819899500000005,167.99999999999997,5.400124791776761e-13,161082.333073
Naive Benchmark,2024-01-28,2024-01-28 08:00:00-08:00,charge,30.0,168.0,-21.640922222222223,-168.0,168.00000000000054,168004.140973
Naive Benchmark,2024-01-29,2024-01-29 02:00:00-08:00,discharge,30.0,167.99999999999997,43.397698000000005,167.99999999999997,5.684341886080801e-13,174167.358169
Naive Benchmark,2024-01-29,2024-01-29 08:00:00-08:00,charge,30.0,168.0,16.731822592592593,-168.0,168.00000000000057,170895.56966900002
Naive Benchmark,2024-01-29,2024-01-29 17:00:00-08:00,discharge,30.0,167.99999999999997,49.52958233333333,167.99999999999997,5.968558980384842e-13,177982.323673
Naive Benchmark,2024-01-30,2024-01-30 08:00:00-08:00,charge,30.0,168.0,17.132706388888888,-168.0,168.0000000000006,174555.148573
Naive Benchmark,2024-01-30,2024-01-30 17:00:00-08:00,discharge,30.0,167.99999999999997,44.68077433333333,167.99999999999997,6.252776074688882e-13,180960.62531700003
Naive Benchmark,2024-02-02,2024-02-02 08:00:00-08:00,charge,30.0,168.0,4.921707129629629,-168.0,168.00000000000063,180877.13161700004
Naive Benchmark,2024-02-02,2024-02-02 17:00:00-08:00,discharge,30.0,167.99999999999997,47.750773499999994,167.99999999999997,6.536993168992922e-13,187722.21619400004
Naive Benchmark,2024-02-03,2024-02-03 08:00:00-08:00,charge,30.0,168.0,-16.9153225,-168.0,168.00000000000065,193635.32576900005
Naive Benchmark,2024-02-03,2024-02-03 16:00:00-08:00,discharge,30.0,167.99999999999997,44.8854785,167.99999999999997,6.821210263296962e-13,200064.21926600006
Naive Benchmark,2024-02-04,2024-02-04 07:00:00-08:00,charge,30.0,168.0,26.306969722222224,-168.0,168.00000000000068,194261.36921600005
Naive Benchmark,2024-02-04,2024-02-04 17:00:00-08:00,discharge,30.0,167.99999999999997,51.90261233333333,167.99999999999997,7.105427357601002e-13,201691.89028600004
Naive Benchmark,2024-02-07,2024-02-07 08:00:00-08:00,charge,30.0,168.0,12.917118703703702,-168.0,168.0000000000007,199368.29836100005
Naive Benchmark,2024-02-07,2024-02-07 17:00:00-08:00,discharge,30.0,167.99999999999997,48.486636000000004,167.99999999999997,7.389644451905042e-13,206299.16580500006
Naive Benchmark,2024-02-08,2024-02-08 08:00:00-08:00,charge,30.0,168.0,9.527412222222223,-168.0,168.00000000000074,204771.57808000006
Naive Benchmark,2024-02-08,2024-02-08 17:00:00-08:00,discharge,30.0,167.99999999999997,59.7850715,167.99999999999997,7.673861546209082e-13,213292.06089100006
Naive Benchmark,2024-02-09,2024-02-09 08:00:00-08:00,charge,30.0,168.0,22.25572111111111,-168.0,168.00000000000077,208599.62556600006
Naive Benchmark,2024-02-10,2024-02-10 02:00:00-08:00,discharge,30.0,167.99999999999997,68.27735850000002,167.99999999999997,7.958078640513122e-13,218253.88330500005
Naive Benchmark,2024-02-10,2024-02-10 08:00:00-08:00,charge,30.0,168.0,9.058097777777776,-168.0,168.0000000000008,217175.85623000006
Naive Benchmark,2024-02-10,2024-02-10 20:00:00-08:00,discharge,30.0,167.99999999999997,64.73624516666666,167.99999999999997,8.242295734817162e-13,226453.59053700007
Naive Benchmark,2024-02-11,2024-02-11 08:00:00-08:00,charge,30.0,168.0,-25.232383333333335,-168.0,168.00000000000082,234027.30363700006
Naive Benchmark,2024-02-11,2024-02-11 17:00:00-08:00,discharge,30.0,167.99999999999997,50.834235166666666,167.99999999999997,8.526512829121202e-13,241243.58866400007
Naive Benchmark,2024-02-12,2024-02-12 08:00:00-08:00,charge,30.0,168.0,-18.590494907407404,-168.0,168.00000000000085,247384.38951400007
Naive Benchmark,2024-02-12,2024-02-12 17:00:00-08:00,discharge,30.0,167.99999999999997,54.095492666666665,167.99999999999997,8.810729923425242e-13,255150.57716000007
Naive Benchmark,2024-02-13,2024-02-13 08:00:00-08:00,charge,30.0,168.0,-15.32537777777778,-168.0,168.00000000000088,260338.40253500006
Naive Benchmark,2024-02-13,2024-02-13 17:00:00-08:00,discharge,30.0,167.99999999999997,53.055755,167.99999999999997,9.094947017729282e-13,267898.68881900003
Naive Benchmark,2024-02-14,2024-02-14 08:00:00-08:00,charge,30.0,168.0,-13.390768611111111,-168.0,168.0000000000009,272743.62109400006
Naive Benchmark,2024-02-14,2024-02-14 17:00:00-08:00,discharge,30.0,167.99999999999997,56.2254235,167.99999999999997,9.379164112033322e-13,280781.30896100006
Naive Benchmark,2024-02-15,2024-02-15 08:00:00-08:00,charge,30.0,168.0,-7.219325092592594,-168.0,168.00000000000094,283761.05173600005
Naive Benchmark,2024-02-16,2024-02-16 02:00:00-08:00,discharge,30.0,167.99999999999997,46.94517116666667,167.99999999999997,9.663381206337363e-13,290406.19548500003
Naive Benchmark,2024-02-16,2024-02-16 08:00:00-08:00,charge,30.0,168.0,28.944369537037037,-168.0,168.00000000000097,284009.89946000004
Naive Benchmark,2024-02-16,2024-02-16 21:00:00-08:00,discharge,30.0,167.99999999999997,59.37369283333334,167.99999999999997,9.947598300641403e-13,292507.51830100006
Naive Benchmark,2024-02-17,2024-02-17 08:00:00-08:00,charge,30.0,168.0,9.323993425925927,-168.0,168.000000000001,291436.15797600005
Naive Benchmark,2024-02-17,2024-02-17 20:00:00-08:00,discharge,30.0,167.99999999999997,63.164729666666666,167.99999999999997,1.0231815394945443e-12,300453.05932600005
Naive Benchmark,2024-02-18,2024-02-18 08:00:00-08:00,charge,30.0,168.0,-31.741108333333337,-168.0,168.00000000000102,310319.4655260001
Naive Benchmark,2024-02-18,2024-02-18 17:00:00-08:00,discharge,30.0,167.99999999999997,44.90565633333334,167.99999999999997,1.0516032489249483e-12,316729.4996600001
Naive Benchmark,2024-02-19,2024-02-19 08:00:00-08:00,charge,30.0,168.0,18.363005833333332,-168.0,168.00000000000105,313022.3549100001
Naive Benchmark,2024-02-19,2024-02-19 17:00:00-08:00,discharge,30.0,167.99999999999997,50.825542999999996,167.99999999999997,1.0800249583553523e-12,320284.22892000014
Naive Benchmark,2024-02-21,2024-02-21 08:00:00-08:00,charge,30.0,168.0,-9.04771361111111,-168.0,168.00000000000108,323585.20029500016
Naive Benchmark,2024-02-21,2024-02-21 17:00:00-08:00,discharge,30.0,167.99999999999997,43.627940833333334,167.99999999999997,1.1084466677857563e-12,329862.34831000015
Naive Benchmark,2024-02-22,2024-02-22 08:00:00-08:00,charge,30.0,168.0,-20.39643759259259,-168.0,168.0000000000011,335818.28551000013
Naive Benchmark,2024-02-22,2024-02-22 17:00:00-08:00,discharge,30.0,167.99999999999997,44.803416,167.99999999999997,1.1368683772161603e-12,342262.97848600015
Naive Benchmark,2024-02-23,2024-02-23 09:00:00-08:00,charge,30.0,168.0,5.176295277777778,-168.0,168.00000000000114,341953.67281100014
Naive Benchmark,2024-02-23,2024-02-23 20:00:00-08:00,discharge,30.0,167.99999999999997,34.02519383333333,167.99999999999997,1.1652900866465643e-12,346798.88806000014
Naive Benchmark,2024-02-24,2024-02-24 09:00:00-08:00,charge,30.0,168.0,-21.27083287037037,-168.0,168.00000000000117,353431.73013500014
Naive Benchmark,2024-02-24,2024-02-24 17:00:00-08:00,discharge,30.0,167.99999999999997,26.600850166666667,167.99999999999997,1.1937117960769683e-12,357239.2125060001
Naive Benchmark,2024-02-25,2024-02-25 08:00:00-08:00,charge,30.0,168.0,-25.870396111111106,-168.0,168.0000000000012,364463.40103100013
Naive Benchmark,2024-02-25,2024-02-25 17:00:00-08:00,discharge,30.0,167.99999999999997,29.631974000000003,167.99999999999997,1.2221335055073723e-12,368693.35705700016
Naive Benchmark,2024-02-27,2024-02-27 08:00:00-08:00,charge,30.0,168.0,-9.716182129629628,-168.0,168.00000000000122,371789.9617570002
Naive Benchmark,2024-02-27,2024-02-27 17:00:00-08:00,discharge,30.0,167.99999999999997,41.52617166666666,167.99999999999997,1.2505552149377763e-12,377728.5652790002
Naive Benchmark,2024-02-28,2024-02-28 08:00:00-08:00,charge,30.0,168.0,-17.419834166666664,-168.0,168.00000000000125,382764.7544290002
Naive Benchmark,2024-02-28,2024-02-28 17:00:00-08:00,discharge,30.0,167.99999999999997,35.56226016666667,167.99999999999997,1.2789769243681803e-12,387861.9651980002
Naive Benchmark,2024-02-29,2024-02-29 08:00:00-08:00,charge,30.0,168.0,-48.66981333333333,-168.0,168.00000000000128,401056.0442230002
Naive Benchmark,2024-02-29,2024-02-29 17:00:00-08:00,discharge,30.0,167.99999999999997,37.510418,167.99999999999997,1.3073986337985843e-12,406419.5519470002
Naive Benchmark,2024-03-01,2024-03-01 08:00:00-08:00,charge,30.0,168.0,-35.766775833333334,-168.0,168.0000000000013,416517.4661720002
Naive Benchmark,2024-03-01,2024-03-01 17:00:00-08:00,discharge,30.0,167.99999999999997,42.08208066666667,167.99999999999997,1.3358203432289883e-12,422576.6999100002
Naive Benchmark,2024-03-02,2024-03-02 07:00:00-08:00,charge,30.0,168.0,-2.7044051851851854,-168.0,168.00000000000134,423334.6598350002
Naive Benchmark,2024-03-02,2024-03-02 22:00:00-08:00,discharge,30.0,167.99999999999997,60.50184099999999,167.99999999999997,1.3642420526593924e-12,432044.63672500016
Naive Benchmark,2024-03-03,2024-03-03 08:00:00-08:00,charge,30.0,168.0,-51.025303703703706,-168.0,168.00000000000136,445607.9053500002
Naive Benchmark,2024-03-04,2024-03-04 02:00:00-08:00,discharge,30.0,167.99999999999997,42.56549133333333,167.99999999999997,1.3926637620897964e-12,451616.2992680002
Naive Benchmark,2024-03-04,2024-03-04 08:00:00-08:00,charge,30.0,168.0,-40.68579777777777,-168.0,168.0000000000014,462439.93404300016
Naive Benchmark,2024-03-04,2024-03-04 19:00:00-08:00,discharge,30.0,167.99999999999997,57.53265233333333,167.99999999999997,1.4210854715202004e-12,470699.02922300017
Naive Benchmark,2024-03-05,2024-03-05 08:00:00-08:00,charge,30.0,168.0,-34.68570175925926,-168.0,168.00000000000142,479802.0450730002
Naive Benchmark,2024-03-05,2024-03-05 17:00:00-08:00,discharge,30.0,167.99999999999997,48.80332383333333,167.99999999999997,1.4495071809506044e-12,486771.40175400017
Naive Benchmark,2024-03-06,2024-03-06 07:00:00-08:00,charge,30.0,168.0,17.69435064814815,-168.0,168.00000000000145,483904.80630400014
Naive Benchmark,2024-03-06,2024-03-06 15:00:00-08:00,discharge,30.0,167.99999999999997,58.557292,167.99999999999997,1.4779288903810084e-12,492292.42941400013
Naive Benchmark,2024-03-07,2024-03-07 08:00:00-08:00,charge,30.0,168.0,-14.878407592592591,-168.0,168.00000000000148,496580.90196400014
Naive Benchmark,2024-03-08,2024-03-08 02:00:00-08:00,discharge,30.0,167.99999999999997,49.193636000000005,167.99999999999997,1.5063505998114124e-12,503532.94763200014
Naive Benchmark,2024-03-08,2024-03-08 08:00:00-08:00,charge,30.0,168.0,-32.75221231481482,-168.0,168.0000000000015,512478.1008820001
Naive Benchmark,2024-03-08,2024-03-08 19:00:00-08:00,discharge,30.0,167.99999999999997,51.748180000000005,167.99999999999997,1.5347723092418164e-12,519883.4308420001
Naive Benchmark,2024-03-09,2024-03-09 08:00:00-08:00,charge,30.0,168.0,-38.15021759259259,-168.0,168.00000000000153,530457.2976920002
Naive Benchmark,2024-03-09,2024-03-09 17:00:00-08:00,discharge,30.0,167.99999999999997,38.041587166666666,167.99999999999997,1.5631940186722204e-12,535883.3375790002
Naive Benchmark,2024-03-10,2024-03-10 09:00:00-07:00,charge,30.0,168.0,-22.09580759259259,-168.0,168.00000000000156,542395.1658290002
Naive Benchmark,2024-03-10,2024-03-10 18:00:00-07:00,discharge,30.0,167.99999999999997,38.23167216666667,167.99999999999997,1.5916157281026244e-12,547834.1222100002
Naive Benchmark,2024-03-11,2024-03-11 10:00:00-07:00,charge,30.0,168.0,-28.225386296296293,-168.0,168.0000000000016,556721.4470600002
Naive Benchmark,2024-03-11,2024-03-11 18:00:00-07:00,discharge,30.0,167.99999999999997,38.96228816666667,167.99999999999997,1.6200374375330284e-12,562314.7325910002
Naive Benchmark,2024-03-12,2024-03-12 10:00:00-07:00,charge,30.0,168.0,-0.7084474999999999,-168.0,168.00000000000162,563485.1844160001
Naive Benchmark,2024-03-13,2024-03-13 02:00:00-07:00,discharge,30.0,167.99999999999997,33.780460000000005,167.99999999999997,1.6484591469634324e-12,568252.6075780002
Naive Benchmark,2024-03-13,2024-03-13 09:00:00-07:00,charge,30.0,168.0,-27.23869537037037,-168.0,168.00000000000165,575833.6542280002
Naive Benchmark,2024-03-13,2024-03-13 20:00:00-07:00,discharge,30.0,167.99999999999997,38.0322575,167.99999999999997,1.6768808563938364e-12,581252.0533870002
Naive Benchmark,2024-03-14,2024-03-14 09:00:00-07:00,charge,30.0,168.0,-6.5856547222222215,-168.0,168.00000000000168,583604.4453120002
Naive Benchmark,2024-03-14,2024-03-14 18:00:00-07:00,discharge,30.0,167.99999999999997,43.921642166666665,167.99999999999997,1.7053025658242404e-12,589870.8943090002
Naive Benchmark,2024-03-15,2024-03-15 09:00:00-07:00,charge,30.0,168.0,33.11481638888889,-168.0,168.0000000000017,582143.8364590002
Naive Benchmark,2024-03-15,2024-03-15 20:00:00-07:00,discharge,30.0,167.99999999999997,60.77064366666667,167.99999999999997,1.7337242752546445e-12,590871.3962630002
Naive Benchmark,2024-03-16,2024-03-16 09:00:00-07:00,charge,30.0,168.0,14.805555092592593,-168.0,168.00000000000173,588022.1217880002
Naive Benchmark,2024-03-16,2024-03-16 18:00:00-07:00,discharge,30.0,167.99999999999997,45.56570083333334,167.99999999999997,1.7621459846850485e-12,594528.2056590002
Naive Benchmark,2024-03-17,2024-03-17 09:00:00-07:00,charge,30.0,168.0,-36.41755305555555,-168.0,168.00000000000176,604497.7391590002
Naive Benchmark,2024-03-17,2024-03-17 18:00:00-07:00,discharge,30.0,167.99999999999997,42.1226605,167.99999999999997,1.7905676941154525e-12,610511.1935140003
Naive Benchmark,2024-03-18,2024-03-18 08:00:00-07:00,charge,30.0,168.0,8.983933703703705,-168.0,168.0000000000018,609042.4208640002
Naive Benchmark,2024-03-18,2024-03-18 19:00:00-07:00,discharge,30.0,167.99999999999997,51.316545000000005,167.99999999999997,1.8189894035458565e-12,616342.7321160003
Naive Benchmark,2024-03-19,2024-03-19 09:00:00-07:00,charge,30.0,168.0,-14.930551851851853,-168.0,168.00000000000182,620647.1155410003
Naive Benchmark,2024-03-19,2024-03-19 18:00:00-07:00,discharge,30.0,167.99999999999997,34.815503,167.99999999999997,1.8474111129762605e-12,625649.2095930002
Naive Benchmark,2024-03-20,2024-03-20 09:00:00-07:00,charge,30.0,168.0,-39.82243222222222,-168.0,168.00000000000185,636285.3303930003
Naive Benchmark,2024-03-20,2024-03-20 18:00:00-07:00,discharge,30.0,167.99999999999997,31.5508935,167.99999999999997,1.8758328224066645e-12,640823.7579600003
Naive Benchmark,2024-03-21,2024-03-21 09:00:00-07:00,charge,30.0,168.0,-43.916445833333334,-168.0,168.00000000000188,652602.1716600003
Naive Benchmark,2024-03-21,2024-03-21 18:00:00-07:00,discharge,30.0,167.99999999999997,34.6436925,167.99999999999997,1.9042545318370685e-12,657573.9232350003
Naive Benchmark,2024-03-22,2024-03-22 09:00:00-07:00,charge,30.0,168.0,-15.926165555555558,-168.0,168.0000000000019,662250.7046350003
Naive Benchmark,2024-03-22,2024-03-22 18:00:00-07:00,discharge,30.0,167.99999999999997,32.511915333333334,167.99999999999997,1.9326762412674725e-12,666920.4028110004
Naive Benchmark,2024-03-23,2024-03-23 10:00:00-07:00,charge,30.0,168.0,-12.054968796296293,-168.0,168.00000000000193,670751.5664610004
Naive Benchmark,2024-03-23,2024-03-23 19:00:00-07:00,discharge,30.0,167.99999999999997,27.201904000000003,167.99999999999997,1.9610979506978765e-12,674649.7067550004
Naive Benchmark,2024-03-24,2024-03-24 10:00:00-07:00,charge,30.0,168.0,-11.95372925925926,-168.0,168.00000000000196,678403.2323300004
Naive Benchmark,2024-03-24,2024-03-24 19:00:00-07:00,discharge,30.0,167.99999999999997,25.858032666666663,167.99999999999997,1.9895196601282805e-12,682110.1890900003
Naive Benchmark,2024-03-25,2024-03-25 08:00:00-07:00,charge,30.0,168.0,-33.66578222222222,-168.0,168.000000000002,691073.9782900003
Naive Benchmark,2024-03-25,2024-03-25 18:00:00-07:00,discharge,30.0,167.99999999999997,32.37159749999999,167.99999999999997,2.0179413695586845e-12,695708.3100010003
Naive Benchmark,2024-03-26,2024-03-26 10:00:00-07:00,charge,30.0,168.0,-29.414236481481485,-168.0,168.00000000000202,704615.8992510003
Naive Benchmark,2024-03-26,2024-03-26 18:00:00-07:00,discharge,30.0,167.99999999999997,36.6351695,167.99999999999997,2.0463630789890885e-12,709861.9709700003
Naive Benchmark,2024-03-27,2024-03-27 09:00:00-07:00,charge,30.0,168.0,-50.757939444444446,-168.0,168.00000000000205,723455.3243450002
Naive Benchmark,2024-03-27,2024-03-27 18:00:00-07:00,discharge,30.0,167.99999999999997,31.046439333333335,167.99999999999997,2.0747847884194925e-12,727900.9482970003
Naive Benchmark,2024-03-28,2024-03-28 08:00:00-07:00,charge,30.0,168.0,-39.64215703703704,-168.0,168.00000000000207,738223.7209470002
Naive Benchmark,2024-03-28,2024-03-28 22:00:00-07:00,discharge,30.0,167.99999999999997,31.264643999999997,167.99999999999997,2.1032064978498966e-12,742703.5860870002
Naive Benchmark,2024-03-29,2024-03-29 08:00:00-07:00,charge,30.0,168.0,-47.67116333333334,-168.0,168.0000000000021,754726.4795120002
Naive Benchmark,2024-03-30,2024-03-30 02:00:00-07:00,discharge,30.0,167.99999999999997,44.45592416666666,167.99999999999997,2.1316282072803006e-12,761088.4744890003
Naive Benchmark,2024-03-30,2024-03-30 11:00:00-07:00,charge,30.0,168.0,30.3794525,-168.0,168.00000000000213,754187.0980640003
Naive Benchmark,2024-03-30,2024-03-30 20:00:00-07:00,discharge,30.0,167.99999999999997,49.09850083333333,167.99999999999997,2.1600499167107046e-12,761156.3783590002
Naive Benchmark,2024-03-31,2024-03-31 09:00:00-07:00,charge,30.0,168.0,-7.708704351851853,-168.0,168.00000000000216,763454.6237590002
Naive Benchmark,2024-04-01,2024-04-01 02:00:00-07:00,discharge,30.0,167.99999999999997,38.44028766666666,167.99999999999997,2.1884716261411086e-12,768936.0968510002
Naive Benchmark,2024-04-01,2024-04-01 10:00:00-07:00,charge,30.0,168.0,-18.637100277777776,-168.0,168.0000000000022,774697.7574260002
Naive Benchmark,2024-04-02,2024-04-02 02:00:00-07:00,discharge,30.0,167.99999999999997,39.24544016666667,167.99999999999997,2.2168933355715126e-12,780234.7153890003
Naive Benchmark,2024-04-02,2024-04-02 09:00:00-07:00,charge,30.0,168.0,-59.02839157407407,-168.0,168.00000000000222,795206.4753640003
Naive Benchmark,2024-04-02,2024-04-02 18:00:00-07:00,discharge,30.0,167.99999999999997,32.53610133333333,167.99999999999997,2.2453150450019166e-12,799857.1007220004
Naive Benchmark,2024-04-03,2024-04-03 09:00:00-07:00,charge,30.0,168.0,-50.49155037037037,-168.0,168.00000000000225,812469.5762720003
Naive Benchmark,2024-04-04,2024-04-04 02:00:00-07:00,discharge,30.0,167.99999999999997,38.32486883333333,167.99999999999997,2.2737367544323206e-12,817856.5544170003
Naive Benchmark,2024-04-04,2024-04-04 09:00:00-07:00,charge,30.0,168.0,-44.489289629629624,-168.0,168.00000000000227,829124.3521670003
Naive Benchmark,2024-04-05,2024-04-05 02:00:00-07:00,discharge,30.0,167.99999999999997,41.94794683333334,167.99999999999997,2.3021584638627246e-12,835023.5633380003
Naive Benchmark,2024-04-05,2024-04-05 09:00:00-07:00,charge,30.0,168.0,-32.21294398148148,-168.0,168.0000000000023,843195.4538130003
Naive Benchmark,2024-04-06,2024-04-06 02:00:00-07:00,discharge,30.0,167.99999999999997,39.8100515,167.99999999999997,2.3305801732931286e-12,848779.6992120004
Naive Benchmark,2024-04-06,2024-04-06 10:00:00-07:00,charge,30.0,168.0,-59.95334814814815,-168.0,168.00000000000233,865611.1433370004
Naive Benchmark,2024-04-06,2024-04-06 20:00:00-07:00,discharge,30.0,167.99999999999997,34.20617716666667,167.99999999999997,2.3590018827235326e-12,870486.5612200004
Naive Benchmark,2024-04-07,2024-04-07 09:00:00-07:00,charge,30.0,168.0,-72.50120425925925,-168.0,168.00000000000236,888508.9489200003
Naive Benchmark,2024-04-08,2024-04-08 02:00:00-07:00,discharge,30.0,167.99999999999997,41.85603583333334,167.99999999999997,2.3874235921539366e-12,894274.6337690003
Naive Benchmark,2024-04-08,2024-04-08 09:00:00-07:00,charge,30.0,168.0,-38.119527870370376,-168.0,168.0000000000024,903743.1710190004
Naive Benchmark,2024-04-09,2024-04-09 02:00:00-07:00,discharge,30.0,167.99999999999997,33.386563,167.99999999999997,2.4158453015843406e-12,908455.6729230003
Naive Benchmark,2024-04-09,2024-04-09 08:00:00-07:00,charge,30.0,168.0,-42.37418666666667,-168.0,168.00000000000242,918872.2860230003
Naive Benchmark,2024-04-10,2024-04-10 02:00:00-07:00,discharge,30.0,167.99999999999997,48.4057915,167.99999999999997,2.4442670110147446e-12,925644.0187280002
Naive Benchmark,2024-04-10,2024-04-10 08:00:00-07:00,charge,30.0,168.0,-19.982999629629628,-168.0,168.00000000000244,930979.5278280003
Naive Benchmark,2024-04-10,2024-04-10 19:00:00-07:00,discharge,30.0,167.99999999999997,56.62365200000001,167.99999999999997,2.4726887204451486e-12,939052.0164600003
Naive Benchmark,2024-04-11,2024-04-11 08:00:00-07:00,charge,30.0,168.0,-6.150814259259259,-168.0,168.00000000000247,940761.9900600003
Naive Benchmark,2024-04-11,2024-04-11 19:00:00-07:00,discharge,30.0,167.99999999999997,56.914872,167.99999999999997,2.5011104298755527e-12,948915.4941060003
Naive Benchmark,2024-04-12,2024-04-12 10:00:00-07:00,charge,30.0,168.0,-6.40408398148148,-168.0,168.0000000000025,951873.9923560002
Naive Benchmark,2024-04-12,2024-04-12 18:00:00-07:00,discharge,30.0,167.99999999999997,50.26896816666666,167.99999999999997,2.5295321393059567e-12,959083.9357550002
Naive Benchmark,2024-04-13,2024-04-13 08:00:00-07:00,charge,30.0,168.0,-35.051713981481484,-168.0,168.00000000000253,967996.8923050002
Naive Benchmark,2024-04-14,2024-04-14 00:00:00-07:00,discharge,30.0,167.99999999999997,37.4978535,167.99999999999997,2.5579538487363607e-12,973370.4849160002
Naive Benchmark,2024-04-14,2024-04-14 08:00:00-07:00,charge,30.0,168.0,-17.79069898148148,-168.0,168.00000000000256,977864.6309410002
Naive Benchmark,2024-04-14,2024-04-14 18:00:00-07:00,discharge,30.0,167.99999999999997,36.99526516666667,167.99999999999997,2.5863755581667647e-12,983178.9531260002
Naive Benchmark,2024-04-15,2024-04-15 09:00:00-07:00,charge,30.0,168.0,-43.3357237962963,-168.0,168.0000000000026,994353.5991260002
Naive Benchmark,2024-04-16,2024-04-16 02:00:00-07:00,discharge,30.0,167.99999999999997,32.36111966666667,167.99999999999997,2.6147972675971687e-12,998941.0104720002
Naive Benchmark,2024-04-16,2024-04-16 09:00:00-07:00,charge,30.0,168.0,-40.639590462962964,-168.0,168.00000000000261,1009400.5506970002
Naive Benchmark,2024-04-17,2024-04-17 02:00:00-07:00,discharge,30.0,167.99999999999997,36.78245733333333,167.99999999999997,2.6432189770275727e-12,1014508.0662030003
Naive Benchmark,2024-04-17,2024-04-17 10:00:00-07:00,charge,30.0,168.0,-26.441075833333333,-168.0,168.00000000000264,1022382.1205030002
Naive Benchmark,2024-04-17,2024-04-17 20:00:00-07:00,discharge,30.0,167.99999999999997,31.884808666666665,167.99999999999997,2.6716406864579767e-12,1026905.4398190002
Naive Benchmark,2024-04-18,2024-04-18 10:00:00-07:00,charge,30.0,168.0,-2.126893981481482,-168.0,168.00000000000267,1028081.8073440002
Naive Benchmark,2024-04-19,2024-04-19 02:00:00-07:00,discharge,30.0,167.99999999999997,28.716738499999998,167.99999999999997,2.7000623958883807e-12,1032185.8467490003
Naive Benchmark,2024-04-19,2024-04-19 09:00:00-07:00,charge,30.0,168.0,-15.215743055555556,-168.0,168.0000000000027,1036393.5297740003
Naive Benchmark,2024-04-19,2024-04-19 19:00:00-07:00,discharge,30.0,167.99999999999997,33.0762765,167.99999999999997,2.7284841053187847e-12,1041131.7534050003
Naive Benchmark,2024-04-20,2024-04-20 08:00:00-07:00,charge,30.0,168.0,-22.45045972222222,-168.0,168.00000000000273,1046991.2325550003
Naive Benchmark,2024-04-20,2024-04-20 19:00:00-07:00,discharge,30.0,167.99999999999997,32.13292499999999,167.99999999999997,2.7569058147491887e-12,1051599.1002790004
Naive Benchmark,2024-04-21,2024-04-21 07:00:00-07:00,charge,30.0,168.0,-31.58575009259259,-168.0,168.00000000000276,1059940.8274040003
Naive Benchmark,2024-04-21,2024-04-21 18:00:00-07:00,discharge,30.0,167.99999999999997,40.629289666666665,167.99999999999997,2.7853275241795927e-12,1065727.0629720003
Naive Benchmark,2024-04-22,2024-04-22 07:00:00-07:00,charge,30.0,168.0,-4.603486296296296,-168.0,168.00000000000279,1067092.7240220003
Naive Benchmark,2024-04-22,2024-04-22 19:00:00-07:00,discharge,30.0,167.99999999999997,44.373562500000006,167.99999999999997,2.8137492336099967e-12,1073483.7757170002
Naive Benchmark,2024-04-23,2024-04-23 09:00:00-07:00,charge,30.0,168.0,-8.141103055555554,-168.0,168.0000000000028,1075624.6593420003
Naive Benchmark,2024-04-23,2024-04-23 19:00:00-07:00,discharge,30.0,167.99999999999997,41.972236833333326,167.99999999999997,2.8421709430404007e-12,1081668.3951290003
Naive Benchmark,2024-04-24,2024-04-24 09:00:00-07:00,charge,30.0,168.0,-17.4413262962963,-168.0,168.00000000000284,1086138.9649040003
Naive Benchmark,2024-04-24,2024-04-24 19:00:00-07:00,discharge,30.0,167.99999999999997,35.579725499999995,167.99999999999997,2.8705926524708048e-12,1091260.6626590004
Naive Benchmark,2024-04-25,2024-04-25 09:00:00-07:00,charge,30.0,168.0,-17.514510185185188,-168.0,168.00000000000287,1095732.1823340005
Naive Benchmark,2024-04-25,2024-04-25 19:00:00-07:00,discharge,30.0,167.99999999999997,35.15735883333333,167.99999999999997,2.8990143619012088e-12,1100798.8512050004
Naive Benchmark,2024-04-26,2024-04-26 08:00:00-07:00,charge,30.0,168.0,1.617644074074074,-168.0,168.0000000000029,1100397.9570550004
Naive Benchmark,2024-04-26,2024-04-26 19:00:00-07:00,discharge,30.0,167.99999999999997,29.837868833333335,167.99999999999997,2.9274360713316128e-12,1104679.7597580003
Naive Benchmark,2024-04-27,2024-04-27 08:00:00-07:00,charge,30.0,168.0,-43.57024916666666,-168.0,168.00000000000293,1115182.3300080004
Naive Benchmark,2024-04-27,2024-04-27 23:00:00-07:00,discharge,30.0,167.99999999999997,42.43099566666666,167.99999999999997,2.9558577807620168e-12,1121266.2151480003
Naive Benchmark,2024-04-28,2024-04-28 08:00:00-07:00,charge,30.0,168.0,-47.54609138888889,-168.0,168.00000000000296,1132747.6477980004
Naive Benchmark,2024-04-28,2024-04-28 21:00:00-07:00,discharge,30.0,167.99999999999997,32.395465,167.99999999999997,2.9842794901924208e-12,1137376.8245280003
Naive Benchmark,2024-04-29,2024-04-29 09:00:00-07:00,charge,30.0,168.0,-20.995978425925923,-168.0,168.00000000000298,1142779.6804780003
Naive Benchmark,2024-04-29,2024-04-29 18:00:00-07:00,discharge,30.0,167.99999999999997,34.742542,167.99999999999997,3.0127011996228248e-12,1147769.1515380002
Naive Benchmark,2024-04-30,2024-04-30 09:00:00-07:00,charge,30.0,168.0,-17.31952398148148,-168.0,168.000000000003,1152163.9776880003
Naive Benchmark,2024-04-30,2024-04-30 20:00:00-07:00,discharge,30.0,167.99999999999997,47.77936683333333,167.99999999999997,3.0411229090532288e-12,1158989.3752530003
Naive Benchmark,2024-05-01,2024-05-01 09:00:00-07:00,charge,30.0,168.0,-20.795978333333334,-168.0,168.00000000000304,1164137.8262530002
Naive Benchmark,2024-05-02,2024-05-02 02:00:00-07:00,discharge,30.0,167.99999999999997,35.27005666666666,167.99999999999997,3.069544618483633e-12,1169101.8071690002
Naive Benchmark,2024-05-02,2024-05-02 09:00:00-07:00,charge,30.0,168.0,-9.94327064814815,-168.0,168.00000000000307,1171666.211694
Naive Benchmark,2024-05-02,2024-05-02 19:00:00-07:00,discharge,30.0,167.99999999999997,35.69529516666667,167.99999999999997,3.097966327914037e-12,1176782.9115310002
Naive Benchmark,2024-05-03,2024-05-03 10:00:00-07:00,charge,30.0,168.0,-34.59620861111111,-168.0,168.0000000000031,1186929.8816560002
Naive Benchmark,2024-05-03,2024-05-03 19:00:00-07:00,discharge,30.0,167.99999999999997,31.894231,167.99999999999997,3.126388037344441e-12,1191489.8327380002
Naive Benchmark,2024-05-04,2024-05-04 07:00:00-07:00,charge,30.0,168.0,-2.074356574074075,-168.0,168.00000000000313,1192786.9521130002
Naive Benchmark,2024-05-04,2024-05-04 19:00:00-07:00,discharge,30.0,167.99999999999997,36.25288716666667,167.99999999999997,3.154809746774845e-12,1197937.5552020003
Naive Benchmark,2024-05-05,2024-05-05 09:00:00-07:00,charge,30.0,168.0,-41.47415527777778,-168.0,168.00000000000315,1208323.4341020002
Naive Benchmark,2024-05-05,2024-05-05 19:00:00-07:00,discharge,30.0,167.99999999999997,24.909812000000002,167.99999999999997,3.183231456205249e-12,1211929.5829620003
Naive Benchmark,2024-05-06,2024-05-06 09:00:00-07:00,charge,30.0,168.0,-38.04163768518518,-168.0,168.00000000000318,1221499.8903620003
Naive Benchmark,2024-05-06,2024-05-06 19:00:00-07:00,discharge,30.0,167.99999999999997,19.984356499999997,167.99999999999997,3.211653165635653e-12,1224401.3951030003
Naive Benchmark,2024-05-07,2024-05-07 09:00:00-07:00,charge,30.0,168.0,-41.628434814814824,-168.0,168.0000000000032,1234767.4809030003
Naive Benchmark,2024-05-08,2024-05-08 02:00:00-07:00,discharge,30.0,167.99999999999997,32.035849166666665,167.99999999999997,3.240074875066057e-12,1239269.8672120003
Naive Benchmark,2024-05-08,2024-05-08 09:00:00-07:00,charge,30.0,168.0,-30.426651666666665,-168.0,168.00000000000324,1247510.2839370002
Naive Benchmark,2024-05-08,2024-05-08 21:00:00-07:00,discharge,30.0,167.99999999999997,45.140788666666666,167.99999999999997,3.268496584496461e-12,1253972.9424410001
Naive Benchmark,2024-05-09,2024-05-09 08:00:00-07:00,charge,30.0,168.0,-9.647291203703704,-168.0,168.00000000000327,1256518.911091
Naive Benchmark,2024-05-09,2024-05-09 21:00:00-07:00,discharge,30.0,167.99999999999997,36.80155666666667,167.99999999999997,3.296918293926865e-12,1261756.232843
Naive Benchmark,2024-05-10,2024-05-10 07:00:00-07:00,charge,30.0,168.0,2.9647440740740736,-168.0,168.0000000000033,1261707.795143
Naive Benchmark,2024-05-10,2024-05-10 19:00:00-07:00,discharge,30.0,167.99999999999997,49.63251916666667,167.99999999999997,3.325340003357269e-12,1268754.4591740002
Naive Benchmark,2024-05-11,2024-05-11 08:00:00-07:00,charge,30.0,168.0,-24.147644444444445,-168.0,168.00000000000333,1274624.0800990001
Naive Benchmark,2024-05-11,2024-05-11 21:00:00-07:00,discharge,30.0,167.99999999999997,48.65440533333333,167.99999999999997,3.353761712787673e-12,1281601.028385
Naive Benchmark,2024-05-12,2024-05-12 08:00:00-07:00,charge,30.0,168.0,-35.479220833333336,-168.0,168.00000000000335,1290453.545035
Naive Benchmark,2024-05-12,2024-05-12 19:00:00-07:00,discharge,30.0,167.99999999999997,35.7897265,167.99999999999997,3.382183422218077e-12,1295566.278046
Naive Benchmark,2024-05-13,2024-05-13 08:00:00-07:00,charge,30.0,168.0,7.295943055555556,-168.0,168.00000000000338,1294057.1905460001
Naive Benchmark,2024-05-13,2024-05-13 18:00:00-07:00,discharge,30.0,167.99999999999997,37.02605333333334,167.99999999999997,3.410605131648481e-12,1299383.5809040002
Naive Benchmark,2024-05-14,2024-05-14 08:00:00-07:00,charge,30.0,168.0,-3.6679650925925924,-168.0,168.0000000000034,1300482.2882540002
Naive Benchmark,2024-05-14,2024-05-14 18:00:00-07:00,discharge,30.0,167.99999999999997,34.9068575,167.99999999999997,3.439026841078885e-12,1305473.7608390003
Naive Benchmark,2024-05-15,2024-05-15 08:00:00-07:00,charge,30.0,168.0,16.659103425925924,-168.0,168.00000000000344,1301814.6087390003
Naive Benchmark,2024-05-15,2024-05-15 19:00:00-07:00,discharge,30.0,167.99999999999997,36.031667166666665,167.99999999999997,3.467448550509289e-12,1306925.9973700002
Naive Benchmark,2024-05-16,2024-05-16 10:00:00-07:00,charge,30.0,168.0,-9.927207685185184,-168.0,168.00000000000347,1310162.2880200003
Naive Benchmark,2024-05-16,2024-05-16 20:00:00-07:00,discharge,30.0,167.99999999999997,38.345389999999995,167.99999999999997,3.495870259939693e-12,1315607.8312300004
Naive Benchmark,2024-05-17,2024-05-17 10:00:00-07:00,charge,30.0,168.0,-25.241985277777776,-168.0,168.0000000000035,1322539.8525300003
Naive Benchmark,2024-05-17,2024-05-17 19:00:00-07:00,discharge,30.0,167.99999999999997,17.70544,167.99999999999997,3.524291969370097e-12,1325113.0662060003
Naive Benchmark,2024-05-18,2024-05-18 09:00:00-07:00,charge,30.0,168.0,-34.44327537037037,-168.0,168.00000000000352,1333857.8656810003
Naive Benchmark,2024-05-18,2024-05-18 18:00:00-07:00,discharge,30.0,167.99999999999997,19.2636875,167.99999999999997,3.552713678800501e-12,1336644.3390580004
Naive Benchmark,2024-05-19,2024-05-19 09:00:00-07:00,charge,30.0,168.0,-46.56325138888889,-168.0,168.00000000000355,1348353.6918080004
Naive Benchmark,2024-05-19,2024-05-19 19:00:00-07:00,discharge,30.0,167.99999999999997,29.0041905,167.99999999999997,3.581135388230905e-12,1352508.3772370005
Naive Benchmark,2024-05-20,2024-05-20 10:00:00-07:00,charge,30.0,168.0,-7.718711296296296,-168.0,168.00000000000358,1354981.2997870005
Naive Benchmark,2024-05-20,2024-05-20 19:00:00-07:00,discharge,30.0,167.99999999999997,29.475675833333334,167.99999999999997,3.609557097661309e-12,1359233.2057080006
Naive Benchmark,2024-05-21,2024-05-21 09:00:00-07:00,charge,30.0,168.0,-18.912556111111112,-168.0,168.0000000000036,1364678.7413830005
Naive Benchmark,2024-05-21,2024-05-21 19:00:00-07:00,discharge,30.0,167.99999999999997,33.18431866666667,167.99999999999997,3.637978807091713e-12,1369451.5671110004
Naive Benchmark,2024-05-22,2024-05-22 10:00:00-07:00,charge,30.0,168.0,-24.932994537037036,-168.0,168.00000000000364,1376767.8657110005
Naive Benchmark,2024-05-22,2024-05-22 18:00:00-07:00,discharge,30.0,167.99999999999997,26.743835,167.99999999999997,3.666400516522117e-12,1380632.2916390004
Naive Benchmark,2024-05-23,2024-05-23 10:00:00-07:00,charge,30.0,168.0,-42.58953203703703,-168.0,168.00000000000367,1392857.9195640003
Naive Benchmark,2024-05-23,2024-05-23 19:00:00-07:00,discharge,30.0,167.99999999999997,33.28416183333333,167.99999999999997,3.694822225952521e-12,1397668.3894730003
Naive Benchmark,2024-05-24,2024-05-24 09:00:00-07:00,charge,30.0,168.0,-17.3466087037037,-168.0,168.0000000000037,1402305.8081980003
Naive Benchmark,2024-05-24,2024-05-24 22:00:00-07:00,discharge,30.0,167.99999999999997,28.31131583333333,167.99999999999997,3.723243935382925e-12,1406369.1831870002
Naive Benchmark,2024-05-25,2024-05-25 08:00:00-07:00,charge,30.0,168.0,-44.48302777777778,-168.0,168.00000000000372,1417102.8573120001
Naive Benchmark,2024-05-25,2024-05-25 19:00:00-07:00,discharge,30.0,167.99999999999997,7.489028333333333,167.99999999999997,3.751665644813329e-12,1418190.2709680002
Naive Benchmark,2024-05-26,2024-05-26 09:00:00-07:00,charge,30.0,168.0,-44.800110277777776,-168.0,168.00000000000375,1429247.1211680002
Naive Benchmark,2024-05-27,2024-05-27 01:00:00-07:00,discharge,30.0,167.99999999999997,27.044883500000005,167.99999999999997,3.780087354243733e-12,1433089.697877
Naive Benchmark,2024-05-27,2024-05-27 07:00:00-07:00,charge,30.0,168.0,-16.890786296296298,-168.0,168.00000000000378,1437497.625302
Naive Benchmark,2024-05-27,2024-05-27 18:00:00-07:00,discharge,30.0,167.99999999999997,106.808776,167.99999999999997,3.808509063674137e-12,1453210.445726
Naive Benchmark,2024-05-28,2024-05-28 08:00:00-07:00,charge,30.0,168.0,-2.216747962962963,-168.0,168.0000000000038,1453911.326701
Naive Benchmark,2024-05-28,2024-05-28 18:00:00-07:00,discharge,30.0,167.99999999999997,34.75328116666667,167.99999999999997,3.836930773104541e-12,1458928.972526
Naive Benchmark,2024-05-29,2024-05-29 09:00:00-07:00,charge,30.0,168.0,-25.859398240740745,-168.0,168.00000000000384,1465753.1704010002
Naive Benchmark,2024-05-30,2024-05-30 00:00:00-07:00,discharge,30.0,167.99999999999997,28.43540516666667,167.99999999999997,3.865352482534945e-12,1469816.0054340002
Naive Benchmark,2024-05-30,2024-05-30 07:00:00-07:00,charge,30.0,168.0,7.20528175925926,-168.0,168.00000000000387,1468146.462859
Naive Benchmark,2024-05-30,2024-05-30 19:00:00-07:00,discharge,30.0,167.99999999999997,35.762463333333336,167.99999999999997,3.893774191965349e-12,1473277.8881430002
Naive Benchmark,2024-05-31,2024-05-31 10:00:00-07:00,charge,30.0,168.0,11.624731666666667,-168.0,168.0000000000039,1471070.9303930001
Naive Benchmark,2024-05-31,2024-05-31 19:00:00-07:00,discharge,30.0,167.99999999999997,53.06922483333333,167.99999999999997,3.922195901395753e-12,1478770.2233080002
Naive Benchmark,2024-06-01,2024-06-01 10:00:00-07:00,charge,30.0,168.0,-50.39548018518518,-168.0,168.00000000000392,1492747.9663580002
Naive Benchmark,2024-06-01,2024-06-01 19:00:00-07:00,discharge,30.0,167.99999999999997,24.921051499999997,167.99999999999997,3.950617610826157e-12,1496310.2150450002
Naive Benchmark,2024-06-02,2024-06-02 09:00:00-07:00,charge,30.0,168.0,-46.217378333333336,-168.0,168.00000000000395,1508959.8606450001
Naive Benchmark,2024-06-02,2024-06-02 18:00:00-07:00,discharge,30.0,167.99999999999997,26.718355666666668,167.99999999999997,3.979039320256561e-12,1512791.362537
Naive Benchmark,2024-06-03,2024-06-03 07:00:00-07:00,charge,30.0,168.0,0.5487303703703704,-168.0,168.00000000000398,1512810.8736120001
Naive Benchmark,2024-06-03,2024-06-03 18:00:00-07:00,discharge,30.0,167.99999999999997,25.808980333333334,167.99999999999997,4.007461029686965e-12,1516495.8758720001
Naive Benchmark,2024-06-04,2024-06-04 10:00:00-07:00,charge,30.0,168.0,-0.32613768518518527,-168.0,168.000000000004,1517061.7741720001
Naive Benchmark,2024-06-05,2024-06-05 00:00:00-07:00,discharge,30.0,167.99999999999997,27.910760166666666,167.99999999999997,4.035882739117369e-12,1521064.752575
Naive Benchmark,2024-06-05,2024-06-05 07:00:00-07:00,charge,30.0,168.0,17.38559462962963,-168.0,168.00000000000404,1517110.072225
Naive Benchmark,2024-06-05,2024-06-05 18:00:00-07:00,discharge,30.0,167.99999999999997,45.07729783333333,167.99999999999997,4.064304448547773e-12,1523609.988318
Naive Benchmark,2024-06-06,2024-06-06 07:00:00-07:00,charge,30.0,168.0,25.08393574074074,-168.0,168.00000000000406,1517904.233318
Naive Benchmark,2024-06-06,2024-06-06 17:00:00-07:00,discharge,30.0,167.99999999999997,40.4856865,167.99999999999997,4.092726157978177e-12,1523707.604369
Naive Benchmark,2024-06-07,2024-06-07 09:00:00-07:00,charge,30.0,168.0,11.587163240740741,-168.0,168.0000000000041,1521050.351419
Naive Benchmark,2024-06-07,2024-06-07 19:00:00-07:00,discharge,30.0,167.99999999999997,38.70875616666667,167.99999999999997,4.121147867408581e-12,1526623.881752
Naive Benchmark,2024-06-08,2024-06-08 09:00:00-07:00,charge,30.0,168.0,-2.196444814814815,-168.0,168.00000000000412,1527394.5346269999
Naive Benchmark,2024-06-08,2024-06-08 19:00:00-07:00,discharge,30.0,167.99999999999997,27.6570685,167.99999999999997,4.149569576838985e-12,1531363.3424799999
Naive Benchmark,2024-06-09,2024-06-09 09:00:00-07:00,charge,30.0,168.0,-15.916345833333331,-168.0,168.00000000000415,1535549.3108549998
Naive Benchmark,2024-06-09,2024-06-09 19:00:00-07:00,discharge,30.0,167.99999999999997,26.137928499999997,167.99999999999997,4.177991286269389e-12,1539304.1089739997
Naive Benchmark,2024-06-10,2024-06-10 09:00:00-07:00,charge,30.0,168.0,3.325514537037037,-168.0,168.00000000000418,1538823.3136489997
Naive Benchmark,2024-06-10,2024-06-10 19:00:00-07:00,discharge,30.0,167.99999999999997,36.57820466666667,167.99999999999997,4.206412995699793e-12,1544079.0663149997
Naive Benchmark,2024-06-11,2024-06-11 07:00:00-07:00,charge,30.0,168.0,17.430083333333332,-168.0,168.0000000000042,1540126.9496399998
Naive Benchmark,2024-06-11,2024-06-11 19:00:00-07:00,discharge,30.0,167.99999999999997,41.00254316666666,167.99999999999997,4.234834705130197e-12,1546024.5066309997
Naive Benchmark,2024-06-12,2024-06-12 07:00:00-07:00,charge,30.0,168.0,15.981872777777776,-168.0,168.00000000000423,1542438.4000809998
Naive Benchmark,2024-06-12,2024-06-12 18:00:00-07:00,discharge,30.0,167.99999999999997,41.75617783333333,167.99999999999997,4.263256414560601e-12,1548460.7065319999
Naive Benchmark,2024-06-13,2024-06-13 07:00:00-07:00,charge,30.0,168.0,19.79066527777778,-168.0,168.00000000000426,1543844.7747819999
Naive Benchmark,2024-06-13,2024-06-13 18:00:00-07:00,discharge,30.0,167.99999999999997,39.68385933333333,167.99999999999997,4.291678123991005e-12,1549571.418288
Naive Benchmark,2024-06-14,2024-06-14 07:00:00-07:00,charge,30.0,168.0,11.493164351851853,-168.0,168.0000000000043,1547152.0896629998
Naive Benchmark,2024-06-14,2024-06-14 19:00:00-07:00,discharge,30.0,167.99999999999997,34.02257333333334,167.99999999999997,4.320099833421409e-12,1552033.4534989998
Naive Benchmark,2024-06-15,2024-06-15 07:00:00-07:00,charge,30.0,168.0,-6.428579351851852,-168.0,168.00000000000432,1554155.8652239998
Naive Benchmark,2024-06-15,2024-06-15 18:00:00-07:00,discharge,30.0,167.99999999999997,50.00214783333333,167.99999999999997,4.348521542851813e-12,1561460.8530249998
Naive Benchmark,2024-06-16,2024-06-16 07:00:00-07:00,charge,30.0,168.0,-16.91240074074074,-168.0,168.00000000000435,1565866.5420999997
Naive Benchmark,2024-06-17,2024-06-17 01:00:00-07:00,discharge,30.0,167.99999999999997,28.93001566666667,167.99999999999997,4.376943252282217e-12,1569979.8925999997
Naive Benchmark,2024-06-17,2024-06-17 10:00:00-07:00,charge,30.0,168.0,-20.683347685185186,-168.0,168.00000000000438,1575942.3210499997
Naive Benchmark,2024-06-18,2024-06-18 02:00:00-07:00,discharge,30.0,167.99999999999997,27.15826416666667,167.99999999999997,4.405364961712621e-12,1579823.9093129996
Naive Benchmark,2024-06-18,2024-06-18 09:00:00-07:00,charge,30.0,168.0,1.9252624999999999,-168.0,168.0000000000044,1579612.1521879996
Naive Benchmark,2024-06-18,2024-06-18 19:00:00-07:00,discharge,30.0,167.99999999999997,28.321172333333333,167.99999999999997,4.433786671143025e-12,1583671.3986459996
Naive Benchmark,2024-06-19,2024-06-19 08:00:00-07:00,charge,30.0,168.0,-2.196710462962963,-168.0,168.00000000000443,1584212.1928709997
Naive Benchmark,2024-06-19,2024-06-19 21:00:00-07:00,discharge,30.0,167.99999999999997,31.65974166666667,167.99999999999997,4.462208380573429e-12,1588729.2310209996
Naive Benchmark,2024-06-20,2024-06-20 07:00:00-07:00,charge,30.0,168.0,14.122868333333335,-168.0,168.00000000000446,1585430.2353959996
Naive Benchmark,2024-06-20,2024-06-20 19:00:00-07:00,discharge,30.0,167.99999999999997,33.73560516666667,167.99999999999997,4.490630090003833e-12,1590267.0614589995
Naive Benchmark,2024-06-21,2024-06-21 07:00:00-07:00,charge,30.0,168.0,21.009613796296296,-168.0,168.0000000000045,1585554.3111589996
Naive Benchmark,2024-06-21,2024-06-21 19:00:00-07:00,discharge,30.0,167.99999999999997,60.96170466666666,167.99999999999997,4.519051799434237e-12,1594299.8788829995
Naive Benchmark,2024-06-22,2024-06-22 07:00:00-07:00,charge,30.0,168.0,24.336821018518517,-168.0,168.00000000000452,1588631.2013579996
Naive Benchmark,2024-06-22,2024-06-22 19:00:00-07:00,discharge,30.0,167.99999999999997,62.5880825,167.99999999999997,4.547473508864641e-12,1597538.8208249996
Naive Benchmark,2024-06-23,2024-06-23 07:00:00-07:00,charge,30.0,168.0,29.132100925925922,-168.0,168.00000000000455,1591252.4758499996
Naive Benchmark,2024-06-23,2024-06-23 16:00:00-07:00,discharge,30.0,167.99999999999997,75.0027005,167.99999999999997,4.575895218295045e-12,1602044.6855429995
Naive Benchmark,2024-06-27,2024-06-27 09:00:00-07:00,charge,30.0,168.0,15.250294351851851,-168.0,168.00000000000458,1598536.6548679995
Naive Benchmark,2024-06-27,2024-06-27 19:00:00-07:00,discharge,30.0,167.99999999999997,39.91254333333333,167.99999999999997,4.604316927725449e-12,1604271.3768039995
Naive Benchmark,2024-06-28,2024-06-28 07:00:00-07:00,charge,30.0,168.0,15.814852037037035,-168.0,168.0000000000046,1600726.0636539995
Naive Benchmark,2024-06-28,2024-06-28 19:00:00-07:00,discharge,30.0,167.99999999999997,37.21251816666667,167.99999999999997,4.632738637155853e-12,1606046.6263609994
Naive Benchmark,2024-06-29,2024-06-29 07:00:00-07:00,charge,30.0,168.0,19.90628027777778,-168.0,168.00000000000463,1601372.4276359994
Naive Benchmark,2024-06-29,2024-06-29 18:00:00-07:00,discharge,30.0,167.99999999999997,38.411484666666674,167.99999999999997,4.661160346586257e-12,1606884.5624799994
Naive Benchmark,2024-06-30,2024-06-30 07:00:00-07:00,charge,30.0,168.0,5.1132337037037034,-168.0,168.00000000000466,1605983.6860549995
Naive Benchmark,2024-06-30,2024-06-30 19:00:00-07:00,discharge,30.0,167.99999999999997,35.99795116666667,167.99999999999997,4.689582056016661e-12,1611143.0826899994
Naive Benchmark,2024-07-01,2024-07-01 09:00:00-07:00,charge,30.0,168.0,18.485171481481483,-168.0,168.0000000000047,1606809.0338899994
Naive Benchmark,2024-07-01,2024-07-01 19:00:00-07:00,discharge,30.0,167.99999999999997,36.14646366666666,167.99999999999997,4.718003765447065e-12,1611979.9580519993
Naive Benchmark,2024-07-02,2024-07-02 07:00:00-07:00,charge,30.0,168.0,19.914381481481485,-168.0,168.00000000000472,1607540.7377269994
Naive Benchmark,2024-07-02,2024-07-02 19:00:00-07:00,discharge,30.0,167.99999999999997,47.2479705,167.99999999999997,4.746425474877469e-12,1614330.1013239995
Naive Benchmark,2024-07-03,2024-07-03 07:00:00-07:00,charge,30.0,168.0,24.237213055555557,-168.0,168.00000000000475,1608726.9082239994
Naive Benchmark,2024-07-03,2024-07-03 18:00:00-07:00,discharge,30.0,167.99999999999997,43.72155633333333,167.99999999999997,4.774847184307873e-12,1614999.4206599994
Naive Benchmark,2024-07-04,2024-07-04 07:00:00-07:00,charge,30.0,168.0,17.093634259259257,-168.0,168.00000000000477,1611119.4572599994
Naive Benchmark,2024-07-04,2024-07-04 19:00:00-07:00,discharge,30.0,167.99999999999997,35.374892,167.99999999999997,4.803268893738277e-12,1616192.0623339994
Naive Benchmark,2024-07-05,2024-07-05 07:00:00-07:00,charge,30.0,168.0,20.09123453703704,-168.0,168.0000000000048,1611852.9199089995
Naive Benchmark,2024-07-05,2024-07-05 18:00:00-07:00,discharge,30.0,167.99999999999997,47.98382816666667,167.99999999999997,4.831690603168681e-12,1618755.8100499995
Naive Benchmark,2024-07-06,2024-07-06 07:00:00-07:00,charge,30.0,168.0,21.286253703703704,-168.0,168.00000000000483,1614024.7078499994
Naive Benchmark,2024-07-06,2024-07-06 19:00:00-07:00,discharge,30.0,167.99999999999997,50.68517333333333,167.99999999999997,4.860112312599085e-12,1621266.4885159994
Naive Benchmark,2024-07-07,2024-07-07 07:00:00-07:00,charge,30.0,168.0,31.49763537037037,-168.0,168.00000000000486,1614180.1193659995
Naive Benchmark,2024-07-07,2024-07-07 18:00:00-07:00,discharge,30.0,167.99999999999997,55.31628366666666,167.99999999999997,4.888534022029489e-12,1622170.8823799994
Naive Benchmark,2024-07-08,2024-07-08 07:00:00-07:00,charge,30.0,168.0,36.87892157407408,-168.0,168.0000000000049,1613829.3853799994
Naive Benchmark,2024-07-08,2024-07-08 19:00:00-07:00,discharge,30.0,167.99999999999997,63.76263766666667,167.99999999999997,4.916955731459893e-12,1623010.5817659993
Naive Benchmark,2024-07-09,2024-07-09 07:00:00-07:00,charge,30.0,168.0,36.76596296296296,-168.0,168.00000000000492,1614676.3044909993
Naive Benchmark,2024-07-09,2024-07-09 18:00:00-07:00,discharge,30.0,167.99999999999997,67.91189316666666,167.99999999999997,4.945377440890297e-12,1624472.2593259993
Naive Benchmark,2024-07-10,2024-07-10 07:00:00-07:00,charge,30.0,168.0,37.05317675925925,-168.0,168.00000000000495,1616036.2155509994
Naive Benchmark,2024-07-10,2024-07-10 18:00:00-07:00,discharge,30.0,167.99999999999997,80.39792783333334,167.99999999999997,4.973799150320701e-12,1627649.5945699995
Naive Benchmark,2024-07-11,2024-07-11 07:00:00-07:00,charge,30.0,168.0,41.61768648148148,-168.0,168.00000000000497,1618228.6625199995
Naive Benchmark,2024-07-11,2024-07-11 17:00:00-07:00,discharge,30.0,167.99999999999997,68.50965483333333,167.99999999999997,5.002220859751105e-12,1628056.4706149995
Naive Benchmark,2024-07-13,2024-07-13 08:00:00-07:00,charge,30.0,168.0,26.213513333333335,-168.0,168.000000000005,1622076.4939649994
Naive Benchmark,2024-07-13,2024-07-13 20:00:00-07:00,discharge,30.0,167.99999999999997,59.406541000000004,167.99999999999997,5.030642569181509e-12,1630594.8047429994
Naive Benchmark,2024-07-14,2024-07-14 07:00:00-07:00,charge,30.0,168.0,31.659147222222227,-168.0,168.00000000000503,1623182.3818179993
Naive Benchmark,2024-07-14,2024-07-14 17:00:00-07:00,discharge,30.0,167.99999999999997,66.74388233333333,167.99999999999997,5.059064278611913e-12,1632778.3239539992
Naive Benchmark,2024-07-16,2024-07-16 08:00:00-07:00,charge,30.0,168.0,28.808212685185183,-168.0,168.00000000000506,1625996.097453999
Naive Benchmark,2024-07-16,2024-07-16 19:00:00-07:00,discharge,30.0,167.99999999999997,55.68558783333333,167.99999999999997,5.087485988042317e-12,1634004.4275509992
Naive Benchmark,2024-07-17,2024-07-17 07:00:00-07:00,charge,30.0,168.0,33.08557481481481,-168.0,168.0000000000051,1626202.2295009992
Naive Benchmark,2024-07-17,2024-07-17 19:00:00-07:00,discharge,30.0,167.99999999999997,55.096270833333335,167.99999999999997,5.115907697472721e-12,1634106.1475019993
Naive Benchmark,2024-07-19,2024-07-19 07:00:00-07:00,charge,30.0,168.0,39.78355046296296,-168.0,168.00000000000512,1624949.2522019993
Naive Benchmark,2024-07-19,2024-07-19 19:00:00-07:00,discharge,30.0,167.99999999999997,72.52374916666666,167.99999999999997,5.144329406903125e-12,1635269.9608089994
Naive Benchmark,2024-07-20,2024-07-20 07:00:00-07:00,charge,30.0,168.0,40.1804937962963,-168.0,168.00000000000514,1626020.1471839994
Naive Benchmark,2024-07-20,2024-07-20 20:00:00-07:00,discharge,30.0,167.99999999999997,71.85286033333333,167.99999999999997,5.172751116333529e-12,1636220.0307619993
Naive Benchmark,2024-07-23,2024-07-23 07:00:00-07:00,charge,30.0,168.0,65.2383775925926,-168.0,168.00000000000517,1623016.1446869993
Naive Benchmark,2024-07-23,2024-07-23 17:00:00-07:00,discharge,30.0,167.99999999999997,413.25128466666666,167.99999999999997,5.201172825763933e-12,1683823.3471249992
Naive Benchmark,2024-07-24,2024-07-24 07:00:00-07:00,charge,30.0,168.0,53.90027111111111,-168.0,168.0000000000052,1671313.735199999
Naive Benchmark,2024-07-24,2024-07-24 17:00:00-07:00,discharge,30.0,167.99999999999997,184.71279216666667,167.99999999999997,5.229594535194337e-12,1696667.597172999
Naive Benchmark,2024-07-26,2024-07-26 07:00:00-07:00,charge,30.0,168.0,27.27284787037037,-168.0,168.00000000000523,1690320.0266729991
Naive Benchmark,2024-07-26,2024-07-26 19:00:00-07:00,discharge,30.0,167.99999999999997,47.429921,167.99999999999997,5.258016244624741e-12,1697100.673034999
Naive Benchmark,2024-07-27,2024-07-27 09:00:00-07:00,charge,30.0,168.0,6.791664444444445,-168.0,168.00000000000526,1695744.542184999
Naive Benchmark,2024-07-27,2024-07-27 19:00:00-07:00,discharge,30.0,167.99999999999997,35.90971833333333,167.99999999999997,5.286437954055145e-12,1700888.422526999
Naive Benchmark,2024-07-28,2024-07-28 07:00:00-07:00,charge,30.0,168.0,4.4455384259259265,-168.0,168.0000000000053,1700102.9442019989
Naive Benchmark,2024-07-28,2024-07-28 19:00:00-07:00,discharge,30.0,167.99999999999997,39.09223933333333,167.99999999999997,5.314859663485549e-12,1705696.5446439988
Naive Benchmark,2024-07-29,2024-07-29 07:00:00-07:00,charge,30.0,168.0,20.9072675,-168.0,168.00000000000531,1700907.8084689989
Naive Benchmark,2024-07-29,2024-07-29 19:00:00-07:00,discharge,30.0,167.99999999999997,42.97176333333333,167.99999999999997,5.343281372915953e-12,1707069.825720999
Naive Benchmark,2024-07-30,2024-07-30 07:00:00-07:00,charge,30.0,168.0,23.499756018518518,-168.0,168.00000000000534,1701591.4286959989
Naive Benchmark,2024-07-30,2024-07-30 18:00:00-07:00,discharge,30.0,167.99999999999997,45.813696333333326,167.99999999999997,5.3717030823463574e-12,1708151.108223999
Naive Benchmark,2024-07-31,2024-07-31 07:00:00-07:00,charge,30.0,168.0,31.097772685185184,-168.0,168.00000000000537,1700837.4499489989
Naive Benchmark,2024-07-31,2024-07-31 20:00:00-07:00,discharge,30.0,167.99999999999997,58.370918833333334,167.99999999999997,5.4001247917767614e-12,1709157.6972459988
Naive Benchmark,2024-08-03,2024-08-03 07:00:00-07:00,charge,30.0,168.0,27.810347407407406,-168.0,168.0000000000054,1702785.6048959987
Naive Benchmark,2024-08-03,2024-08-03 19:00:00-07:00,discharge,30.0,167.99999999999997,54.45425233333333,167.99999999999997,5.4285465012071654e-12,1710585.9557599986
Naive Benchmark,2024-08-04,2024-08-04 07:00:00-07:00,charge,30.0,168.0,22.09551685185185,-168.0,168.00000000000543,1705713.9029599987
Naive Benchmark,2024-08-04,2024-08-04 19:00:00-07:00,discharge,30.0,167.99999999999997,56.495192666666675,167.99999999999997,5.4569682106375694e-12,1713814.7849399988
Naive Benchmark,2024-08-05,2024-08-05 07:00:00-07:00,charge,30.0,168.0,48.699970462962966,-168.0,168.00000000000546,1703710.8909899988
Naive Benchmark,2024-08-05,2024-08-05 15:00:00-07:00,discharge,30.0,167.99999999999997,72.9039875,167.99999999999997,5.4853899200679734e-12,1714192.1529509989
Naive Benchmark,2024-08-06,2024-08-06 08:00:00-07:00,charge,30.0,168.0,29.729917037037037,-168.0,168.00000000000549,1707292.755150999
Naive Benchmark,2024-08-06,2024-08-06 18:00:00-07:00,discharge,30.0,167.99999999999997,59.07997133333333,167.99999999999997,5.5138116294983774e-12,1715760.2478329989
Naive Benchmark,2024-08-08,2024-08-08 09:00:00-07:00,charge,30.0,168.0,25.23232351851852,-168.0,168.0000000000055,1709911.5514829988
Naive Benchmark,2024-08-08,2024-08-08 19:00:00-07:00,discharge,30.0,167.99999999999997,42.6134805,167.99999999999997,5.5422333389287814e-12,1716003.2546279987
Naive Benchmark,2024-08-10,2024-08-10 07:00:00-07:00,charge,30.0,168.0,24.002929814814813,-168.0,168.00000000000554,1710578.0159779987
Naive Benchmark,2024-08-10,2024-08-10 17:00:00-07:00,discharge,30.0,167.99999999999997,42.38929233333333,167.99999999999997,5.5706550483591855e-12,1716630.4359999988
Naive Benchmark,2024-08-11,2024-08-11 07:00:00-07:00,charge,30.0,168.0,23.872061851851853,-168.0,168.00000000000557,1711297.4975499988
Naive Benchmark,2024-08-11,2024-08-11 18:00:00-07:00,discharge,30.0,167.99999999999997,51.52459483333333,167.99999999999997,5.5990767577895895e-12,1718647.0784609988
Naive Benchmark,2024-08-13,2024-08-13 07:00:00-07:00,charge,30.0,168.0,22.162478425925926,-168.0,168.0000000000056,1713437.9426359988
Naive Benchmark,2024-08-13,2024-08-13 18:00:00-07:00,discharge,30.0,167.99999999999997,39.832690666666664,167.99999999999997,5.6274984672199935e-12,1719141.696683999
Naive Benchmark,2024-08-14,2024-08-14 07:00:00-07:00,charge,30.0,168.0,18.329022129629628,-168.0,168.00000000000563,1714851.174583999
Naive Benchmark,2024-08-14,2024-08-14 20:00:00-07:00,discharge,30.0,167.99999999999997,47.466643,167.99999999999997,5.6559201766503975e-12,1721621.526229999
Naive Benchmark,2024-08-18,2024-08-18 08:00:00-07:00,charge,30.0,168.0,15.779925185185185,-168.0,168.00000000000566,1717992.1027799991
Naive Benchmark,2024-08-18,2024-08-18 19:00:00-07:00,discharge,30.0,167.99999999999997,39.3490935,167.99999999999997,5.6843418860808015e-12,1723624.3895729992
Naive Benchmark,2024-08-19,2024-08-19 07:00:00-07:00,charge,30.0,168.0,26.053736851851856,-168.0,168.00000000000568,1717537.7075729992
Naive Benchmark,2024-08-19,2024-08-19 17:00:00-07:00,discharge,30.0,167.99999999999997,45.466452499999995,167.99999999999997,5.7127635955112055e-12,1724023.5257039992
Naive Benchmark,2024-08-20,2024-08-20 07:00:00-07:00,charge,30.0,168.0,28.541076481481483,-168.0,168.0000000000057,1717888.3649539992
Naive Benchmark,2024-08-20,2024-08-20 17:00:00-07:00,discharge,30.0,167.99999999999997,57.40687316666667,167.99999999999997,5.7411853049416095e-12,1726130.213948999
Naive Benchmark,2024-08-23,2024-08-23 09:00:00-07:00,charge,30.0,168.0,7.640306666666667,-168.0,168.00000000000574,1724454.002773999
Naive Benchmark,2024-08-23,2024-08-23 21:00:00-07:00,discharge,30.0,167.99999999999997,31.317362833333334,167.99999999999997,5.7696070143720135e-12,1728939.489198999
Naive Benchmark,2024-08-24,2024-08-24 08:00:00-07:00,charge,30.0,168.0,-3.6253233333333332,-168.0,168.00000000000577,1729890.491223999
Naive Benchmark,2024-08-24,2024-08-24 20:00:00-07:00,discharge,30.0,167.99999999999997,26.68096883333333,167.99999999999997,5.7980287238024175e-12,1733690.039738999
Naive Benchmark,2024-08-25,2024-08-25 07:00:00-07:00,charge,30.0,168.0,0.5743657407407409,-168.0,168.0000000000058,1733949.896863999
Naive Benchmark,2024-08-25,2024-08-25 18:00:00-07:00,discharge,30.0,167.99999999999997,35.8358325,167.99999999999997,5.8264504332328215e-12,1739104.6485589992
Naive Benchmark,2024-08-26,2024-08-26 08:00:00-07:00,charge,30.0,168.0,16.01659398148148,-168.0,168.00000000000583,1735380.900408999
Naive Benchmark,2024-08-26,2024-08-26 18:00:00-07:00,discharge,30.0,167.99999999999997,37.44158633333333,167.99999999999997,5.8548721426632255e-12,1740737.056052999
Naive Benchmark,2024-08-27,2024-08-27 08:00:00-07:00,charge,30.0,168.0,12.623715833333332,-168.0,168.00000000000585,1737885.997952999
Naive Benchmark,2024-08-27,2024-08-27 18:00:00-07:00,discharge,30.0,167.99999999999997,36.38539216666667,167.99999999999997,5.8832938520936295e-12,1743091.218291999
Naive Benchmark,2024-08-28,2024-08-28 08:00:00-07:00,charge,30.0,168.0,12.115259166666664,-168.0,168.00000000000588,1740339.260116999
Naive Benchmark,2024-08-28,2024-08-28 18:00:00-07:00,discharge,30.0,167.99999999999997,33.52352833333333,167.99999999999997,5.9117155615240335e-12,1745137.7248749991
Naive Benchmark,2024-08-29,2024-08-29 08:00:00-07:00,charge,30.0,168.0,15.462740648148149,-168.0,168.0000000000059,1741639.8494499992
Naive Benchmark,2024-08-30,2024-08-30 02:00:00-07:00,discharge,30.0,167.99999999999997,41.31958516666666,167.99999999999997,5.9401372709544376e-12,1747502.512786999
Naive Benchmark,2024-08-30,2024-08-30 08:00:00-07:00,charge,30.0,168.0,20.689740555555556,-168.0,168.00000000000594,1742778.2294619991
Naive Benchmark,2024-08-30,2024-08-30 21:00:00-07:00,discharge,30.0,167.99999999999997,35.88633683333334,167.99999999999997,5.9685589803848416e-12,1747913.9025269991
Naive Benchmark,2024-08-31,2024-08-31 07:00:00-07:00,charge,30.0,168.0,22.147220462962967,-168.0,168.00000000000597,1742863.659151999
Naive Benchmark,2024-08-31,2024-08-31 17:00:00-07:00,discharge,30.0,167.99999999999997,47.11313316666666,167.99999999999997,5.9969806898152456e-12,1749588.765038999
Naive Benchmark,2024-09-01,2024-09-01 07:00:00-07:00,charge,30.0,168.0,19.724636666666665,-168.0,168.000000000006,1745237.210938999
Naive Benchmark,2024-09-01,2024-09-01 21:00:00-07:00,discharge,30.0,167.99999999999997,37.290010166666676,167.99999999999997,6.0254023992456496e-12,1750562.276159999
Naive Benchmark,2024-09-02,2024-09-02 07:00:00-07:00,charge,30.0,168.0,23.015562777777777,-168.0,168.00000000000603,1745446.735859999
Naive Benchmark,2024-09-02,2024-09-02 17:00:00-07:00,discharge,30.0,167.99999999999997,41.92449233333333,167.99999999999997,6.0538241086760536e-12,1751462.044213999
Naive Benchmark,2024-09-03,2024-09-03 07:00:00-07:00,charge,30.0,168.0,29.32885574074074,-168.0,168.00000000000605,1744781.543413999
Naive Benchmark,2024-09-03,2024-09-03 17:00:00-07:00,discharge,30.0,167.99999999999997,54.417447333333335,167.99999999999997,6.0822458181064576e-12,1752595.071489999
Naive Benchmark,2024-09-04,2024-09-04 07:00:00-07:00,charge,30.0,168.0,33.991095925925926,-168.0,168.00000000000608,1744786.916489999
Naive Benchmark,2024-09-04,2024-09-04 17:00:00-07:00,discharge,30.0,167.99999999999997,56.21708600000001,167.99999999999997,6.110667527536862e-12,1752827.2050899991
Naive Benchmark,2024-09-05,2024-09-05 07:00:00-07:00,charge,30.0,168.0,40.37725944444444,-168.0,168.0000000000061,1743847.4708149992
Naive Benchmark,2024-09-05,2024-09-05 15:00:00-07:00,discharge,30.0,167.99999999999997,65.03984733333333,167.99999999999997,6.139089236967266e-12,1753185.3194049993
Naive Benchmark,2024-09-07,2024-09-07 07:00:00-07:00,charge,30.0,168.0,36.737086203703704,-168.0,168.00000000000614,1745211.8969799993
Naive Benchmark,2024-09-07,2024-09-07 16:00:00-07:00,discharge,30.0,167.99999999999997,68.4565645,167.99999999999997,6.16751094639767e-12,1754962.2923889994
Naive Benchmark,2024-09-08,2024-09-08 07:00:00-07:00,charge,30.0,168.0,34.42351953703704,-168.0,168.00000000000617,1747228.6650639994
Naive Benchmark,2024-09-08,2024-09-08 17:00:00-07:00,discharge,30.0,167.99999999999997,87.98092783333333,167.99999999999997,6.195932655828074e-12,1759902.1508249994
Naive Benchmark,2024-09-09,2024-09-09 07:00:00-07:00,charge,30.0,168.0,31.81302111111111,-168.0,168.0000000000062,1752263.5729999994
Naive Benchmark,2024-09-09,2024-09-09 17:00:00-07:00,discharge,30.0,167.99999999999997,63.281496666666655,167.99999999999997,6.224354365258478e-12,1761327.4267739994
Naive Benchmark,2024-09-10,2024-09-10 08:00:00-07:00,charge,30.0,168.0,24.300915462962966,-168.0,168.00000000000622,1755810.7077989993
Naive Benchmark,2024-09-10,2024-09-10 17:00:00-07:00,discharge,30.0,167.99999999999997,40.75547983333334,167.99999999999997,6.252776074688882e-12,1761646.4210839993
Naive Benchmark,2024-09-11,2024-09-11 09:00:00-07:00,charge,30.0,168.0,12.079474351851852,-168.0,168.00000000000625,1758984.0933589994
Naive Benchmark,2024-09-11,2024-09-11 21:00:00-07:00,discharge,30.0,167.99999999999997,30.09443116666667,167.99999999999997,6.281197784119286e-12,1763269.3369139994
Naive Benchmark,2024-09-12,2024-09-12 09:00:00-07:00,charge,30.0,168.0,-1.9266433333333337,-168.0,168.00000000000628,1764278.0093889993
Naive Benchmark,2024-09-12,2024-09-12 21:00:00-07:00,discharge,30.0,167.99999999999997,33.586233666666665,167.99999999999997,6.30961949354969e-12,1769092.0409209994
Naive Benchmark,2024-09-13,2024-09-13 08:00:00-07:00,charge,30.0,168.0,19.791181574074074,-168.0,168.0000000000063,1764536.5201709995
Naive Benchmark,2024-09-14,2024-09-14 02:00:00-07:00,discharge,30.0,167.99999999999997,39.54492233333333,167.99999999999997,6.338041202980094e-12,1770142.0975489994
Naive Benchmark,2024-09-14,2024-09-14 08:00:00-07:00,charge,30.0,168.0,14.250041481481482,-168.0,168.00000000000634,1766804.9378739994
Naive Benchmark,2024-09-14,2024-09-14 18:00:00-07:00,discharge,30.0,167.99999999999997,35.005351833333336,167.99999999999997,6.366462912410498e-12,1771820.6767409993
Naive Benchmark,2024-09-15,2024-09-15 09:00:00-07:00,charge,30.0,168.0,3.5092760185185186,-168.0,168.00000000000637,1771596.7726159994
Naive Benchmark,2024-09-16,2024-09-16 02:00:00-07:00,discharge,30.0,167.99999999999997,33.50327266666667,167.99999999999997,6.394884621840902e-12,1776347.7592379996
Naive Benchmark,2024-09-16,2024-09-16 09:00:00-07:00,charge,30.0,168.0,4.156658148148149,-168.0,168.0000000000064,1775899.2011629995
Naive Benchmark,2024-09-16,2024-09-16 20:00:00-07:00,discharge,30.0,167.99999999999997,37.70902416666666,167.99999999999997,6.423306331271306e-12,1781296.1334119996
Naive Benchmark,2024-09-17,2024-09-17 09:00:00-07:00,charge,30.0,168.0,-18.59180037037037,-168.0,168.00000000000642,1786641.4904869995
Naive Benchmark,2024-09-18,2024-09-18 00:00:00-07:00,discharge,30.0,167.99999999999997,31.52094116666667,167.99999999999997,6.45172804070171e-12,1791146.7696179994
Naive Benchmark,2024-09-18,2024-09-18 08:00:00-07:00,charge,30.0,168.0,0.9239032407407409,-168.0,168.00000000000645,1791288.8097679995
Naive Benchmark,2024-09-19,2024-09-19 02:00:00-07:00,discharge,30.0,167.99999999999997,49.196413166666666,167.99999999999997,6.480149750132114e-12,1798266.6273029994
Naive Benchmark,2024-09-19,2024-09-19 09:00:00-07:00,charge,30.0,168.0,15.672501574074074,-168.0,168.00000000000648,1795348.9878029993
Naive Benchmark,2024-09-19,2024-09-19 18:00:00-07:00,discharge,30.0,167.99999999999997,47.00176233333333,167.99999999999997,6.508571459562518e-12,1802037.4440049992
Naive Benchmark,2024-09-21,2024-09-21 09:00:00-07:00,charge,30.0,168.0,2.5028598148148142,-168.0,168.0000000000065,1801732.5908549991
Naive Benchmark,2024-09-21,2024-09-21 20:00:00-07:00,discharge,30.0,167.99999999999997,37.71728933333333,167.99999999999997,6.536993168992922e-12,1807139.5007569992
Naive Benchmark,2024-09-22,2024-09-22 07:00:00-07:00,charge,30.0,168.0,4.238000833333334,-168.0,168.00000000000654,1806475.7958819992
Naive Benchmark,2024-09-22,2024-09-22 17:00:00-07:00,discharge,30.0,167.99999999999997,33.807959833333335,167.99999999999997,6.565414878423326e-12,1811311.6109429991
Naive Benchmark,2024-09-23,2024-09-23 07:00:00-07:00,charge,30.0,168.0,24.433942592592594,-168.0,168.00000000000657,1805666.5370679991
Naive Benchmark,2024-09-23,2024-09-23 17:00:00-07:00,discharge,30.0,167.99999999999997,46.4881225,167.99999999999997,6.59383658785373e-12,1812298.3597209991
Naive Benchmark,2024-09-25,2024-09-25 08:00:00-07:00,charge,30.0,168.0,21.95765148148148,-168.0,168.0000000000066,1807064.8458459992
Naive Benchmark,2024-09-25,2024-09-25 18:00:00-07:00,discharge,30.0,167.99999999999997,38.83656083333333,167.99999999999997,6.622258297284134e-12,1812623.5195889992
Naive Benchmark,2024-09-26,2024-09-26 08:00:00-07:00,charge,30.0,168.0,24.328901666666667,-168.0,168.00000000000662,1806921.2285139991
Naive Benchmark,2024-09-26,2024-09-26 19:00:00-07:00,discharge,30.0,167.99999999999997,45.38798116666667,167.99999999999997,6.650680006714538e-12,1813397.885614999
Naive Benchmark,2024-09-27,2024-09-27 08:00:00-07:00,charge,30.0,168.0,29.275680833333336,-168.0,168.00000000000665,1806460.954989999
Naive Benchmark,2024-09-27,2024-09-27 21:00:00-07:00,discharge,30.0,167.99999999999997,48.661192166666666,167.99999999999997,6.679101716144942e-12,1813404.700030999
Naive Benchmark,2024-09-28,2024-09-28 08:00:00-07:00,charge,30.0,168.0,19.537486574074073,-168.0,168.00000000000668,1809036.214030999
Naive Benchmark,2024-09-28,2024-09-28 17:00:00-07:00,discharge,30.0,167.99999999999997,45.5878865,167.99999999999997,6.707523425575346e-12,1815587.763799999
Naive Benchmark,2024-09-29,2024-09-29 08:00:00-07:00,charge,30.0,168.0,6.585047037037037,-168.0,168.0000000000067,1814423.858249999
Naive Benchmark,2024-09-29,2024-09-29 17:00:00-07:00,discharge,30.0,167.99999999999997,40.19346233333333,167.99999999999997,6.73594513500575e-12,1820166.356269999
Naive Benchmark,2024-09-30,2024-09-30 08:00:00-07:00,charge,30.0,168.0,21.008802314814815,-168.0,168.00000000000674,1815552.5926199988
Naive Benchmark,2024-09-30,2024-09-30 17:00:00-07:00,discharge,30.0,167.99999999999997,58.31935083333333,167.99999999999997,6.764366844436154e-12,1823862.407698999
Naive Benchmark,2024-10-01,2024-10-01 08:00:00-07:00,charge,30.0,168.0,30.24814481481481,-168.0,168.00000000000676,1817482.121523999
Naive Benchmark,2024-10-01,2024-10-01 16:00:00-07:00,discharge,30.0,167.99999999999997,65.77526533333335,167.99999999999997,6.792788553866558e-12,1826931.451175999
Naive Benchmark,2024-10-02,2024-10-02 07:00:00-07:00,charge,30.0,168.0,34.4200225,-168.0,168.0000000000068,1818950.971025999
Naive Benchmark,2024-10-02,2024-10-02 17:00:00-07:00,discharge,30.0,167.99999999999997,59.92641183333334,167.99999999999997,6.821210263296962e-12,1827552.653392999
Naive Benchmark,2024-10-03,2024-10-03 08:00:00-07:00,charge,30.0,168.0,37.33286851851852,-168.0,168.00000000000682,1819205.078742999
Naive Benchmark,2024-10-03,2024-10-03 17:00:00-07:00,discharge,30.0,167.99999999999997,67.9200975,167.99999999999997,6.849631972727366e-12,1828963.337487999
Naive Benchmark,2024-10-05,2024-10-05 07:00:00-07:00,charge,30.0,168.0,30.55759685185185,-168.0,168.00000000000685,1821975.7120879989
Naive Benchmark,2024-10-05,2024-10-05 16:00:00-07:00,discharge,30.0,167.99999999999997,54.20575650000001,167.99999999999997,6.87805368215777e-12,1829747.802508999
Naive Benchmark,2024-10-06,2024-10-06 07:00:00-07:00,charge,30.0,168.0,22.922068796296298,-168.0,168.00000000000688,1825130.1730089989
Naive Benchmark,2024-10-06,2024-10-06 17:00:00-07:00,discharge,30.0,167.99999999999997,60.659821,167.99999999999997,6.906475391588174e-12,1833782.7114429988
Naive Benchmark,2024-10-07,2024-10-07 07:00:00-07:00,charge,30.0,168.0,50.34217416666667,-168.0,168.0000000000069,1822294.0302929988
Naive Benchmark,2024-10-07,2024-10-07 17:00:00-07:00,discharge,30.0,167.99999999999997,90.12445699999999,167.99999999999997,6.934897101018578e-12,1835171.3946869988
Naive Benchmark,2024-10-09,2024-10-09 09:00:00-07:00,charge,30.0,168.0,28.982369166666665,-168.0,168.00000000000693,1828921.7824119988
Naive Benchmark,2024-10-09,2024-10-09 17:00:00-07:00,discharge,30.0,167.99999999999997,50.72069383333333,167.99999999999997,6.963318810448982e-12,1836159.296240999
Naive Benchmark,2024-10-10,2024-10-10 08:00:00-07:00,charge,30.0,168.0,34.63327574074074,-168.0,168.00000000000696,1828356.137890999
Naive Benchmark,2024-10-11,2024-10-11 02:00:00-07:00,discharge,30.0,167.99999999999997,57.663468333333334,167.99999999999997,6.991740519879386e-12,1836472.774722999
Naive Benchmark,2024-10-11,2024-10-11 08:00:00-07:00,charge,30.0,168.0,36.73044453703704,-168.0,168.000000000007,1828491.894397999
Naive Benchmark,2024-10-11,2024-10-11 19:00:00-07:00,discharge,30.0,167.99999999999997,62.61144283333333,167.99999999999997,7.02016222930979e-12,1837432.838496999
Naive Benchmark,2024-10-12,2024-10-12 08:00:00-07:00,charge,30.0,168.0,14.403282314814813,-168.0,168.00000000000702,1834429.8161719989
Naive Benchmark,2024-10-12,2024-10-12 19:00:00-07:00,discharge,30.0,167.99999999999997,52.19970333333333,167.99999999999997,7.048583938740194e-12,1841905.4729619988
Naive Benchmark,2024-10-13,2024-10-13 08:00:00-07:00,charge,30.0,168.0,15.302975277777778,-168.0,168.00000000000705,1838653.0229869988
Naive Benchmark,2024-10-13,2024-10-13 17:00:00-07:00,discharge,30.0,167.99999999999997,60.84344016666667,167.99999999999997,7.077005648170598e-12,1847327.3814959987
Naive Benchmark,2024-10-14,2024-10-14 08:00:00-07:00,charge,30.0,168.0,22.749080092592592,-168.0,168.00000000000708,1841955.2693209988
Naive Benchmark,2024-10-14,2024-10-14 17:00:00-07:00,discharge,30.0,167.99999999999997,52.557898333333334,167.99999999999997,7.105427357601002e-12,1849432.402464999
Naive Benchmark,2024-10-17,2024-10-17 09:00:00-07:00,charge,30.0,168.0,11.694209537037036,-168.0,168.0000000000071,1847537.464114999
Naive Benchmark,2024-10-17,2024-10-17 17:00:00-07:00,discharge,30.0,167.99999999999997,40.64062199999999,167.99999999999997,7.133849067031406e-12,1853342.907670999
Naive Benchmark,2024-10-18,2024-10-18 09:00:00-07:00,charge,30.0,168.0,21.9416887037037,-168.0,168.00000000000713,1848647.101470999
Naive Benchmark,2024-10-18,2024-10-18 17:00:00-07:00,discharge,30.0,167.99999999999997,36.3368095,167.99999999999997,7.16227077646181e-12,1853842.059741999
Naive Benchmark,2024-10-19,2024-10-19 09:00:00-07:00,charge,30.0,168.0,-7.599974166666666,-168.0,168.00000000000716,1856894.583516999
Naive Benchmark,2024-10-20,2024-10-20 02:00:00-07:00,discharge,30.0,167.99999999999997,38.303127,167.99999999999997,7.190692485892214e-12,1862355.8476689989
Naive Benchmark,2024-10-20,2024-10-20 09:00:00-07:00,charge,30.0,168.0,1.574046296296296,-168.0,168.0000000000072,1863005.1996939988
Naive Benchmark,2024-10-20,2024-10-20 17:00:00-07:00,discharge,30.0,167.99999999999997,35.75829366666667,167.99999999999997,7.219114195322618e-12,1868112.7987099988
Naive Benchmark,2024-10-21,2024-10-21 08:00:00-07:00,charge,30.0,168.0,2.3526138888888886,-168.0,168.00000000000722,1867727.8281599989
Naive Benchmark,2024-10-21,2024-10-21 17:00:00-07:00,discharge,30.0,167.99999999999997,40.74222216666667,167.99999999999997,7.247535904753022e-12,1873570.6555989988
Naive Benchmark,2024-10-22,2024-10-22 08:00:00-07:00,charge,30.0,168.0,12.682222685185186,-168.0,168.00000000000725,1871098.0466739987
Naive Benchmark,2024-10-22,2024-10-22 17:00:00-07:00,discharge,30.0,167.99999999999997,47.119362666666674,167.99999999999997,7.275957614183426e-12,1877825.0617639986
Naive Benchmark,2024-10-23,2024-10-23 08:00:00-07:00,charge,30.0,168.0,24.28586962962963,-168.0,168.00000000000728,1872338.3500639985
Naive Benchmark,2024-10-23,2024-10-23 17:00:00-07:00,discharge,30.0,167.99999999999997,44.0561115,167.99999999999997,7.30437932361383e-12,1878637.6015009985
Naive Benchmark,2024-10-24,2024-10-24 08:00:00-07:00,charge,30.0,168.0,14.916012685185185,-168.0,168.0000000000073,1875454.4761759986
Naive Benchmark,2024-10-24,2024-10-24 20:00:00-07:00,discharge,30.0,167.99999999999997,54.4998375,167.99999999999997,7.332801033044234e-12,1883271.3427549985
Naive Benchmark,2024-10-25,2024-10-25 09:00:00-07:00,charge,30.0,168.0,15.7440525,-168.0,168.00000000000733,1880539.2919299984
Naive Benchmark,2024-10-25,2024-10-25 17:00:00-07:00,discharge,30.0,167.99999999999997,45.388459999999995,167.99999999999997,7.361222742474638e-12,1887025.0304619984
Naive Benchmark,2024-10-26,2024-10-26 08:00:00-07:00,charge,30.0,168.0,11.172324074074073,-168.0,168.00000000000736,1884727.7963619984
Naive Benchmark,2024-10-26,2024-10-26 17:00:00-07:00,discharge,30.0,167.99999999999997,40.238106,167.99999999999997,7.389644451905042e-12,1890473.4435159983
Naive Benchmark,2024-10-27,2024-10-27 08:00:00-07:00,charge,30.0,168.0,21.72664361111111,-168.0,168.0000000000074,1885820.1680159983
Naive Benchmark,2024-10-27,2024-10-27 18:00:00-07:00,discharge,30.0,167.99999999999997,46.097397333333326,167.99999999999997,7.418066161335446e-12,1892420.0252239984
Naive Benchmark,2024-10-28,2024-10-28 09:00:00-07:00,charge,30.0,168.0,16.240802962962963,-168.0,168.00000000000742,1889424.5304989982
Naive Benchmark,2024-10-28,2024-10-28 19:00:00-07:00,discharge,30.0,167.99999999999997,48.81168766666667,167.99999999999997,7.44648787076585e-12,1896411.9480789981
Naive Benchmark,2024-10-29,2024-10-29 08:00:00-07:00,charge,30.0,168.0,-6.481261666666667,-168.0,168.00000000000745,1898466.6702539981
Naive Benchmark,2024-10-29,2024-10-29 22:00:00-07:00,discharge,30.0,167.99999999999997,55.80933066666667,167.99999999999997,7.474909580196254e-12,1906469.3580039982
Naive Benchmark,2024-10-30,2024-10-30 09:00:00-07:00,charge,30.0,168.0,5.950422499999999,-168.0,168.00000000000747,1906582.2012789983
Naive Benchmark,2024-10-30,2024-10-30 17:00:00-07:00,discharge,30.0,167.99999999999997,51.28492416666667,167.99999999999997,7.503331289626658e-12,1913917.3237279982
Naive Benchmark,2024-10-31,2024-10-31 09:00:00-07:00,charge,30.0,168.0,-7.432206666666667,-168.0,168.0000000000075,1916988.599152998
Naive Benchmark,2024-11-01,2024-11-01 02:00:00-07:00,discharge,30.0,167.99999999999997,38.389617333333334,167.99999999999997,7.531752999057062e-12,1922444.860206998
Naive Benchmark,2024-11-01,2024-11-01 09:00:00-07:00,charge,30.0,168.0,23.94241925925926,-168.0,168.00000000000753,1917209.5753069979
Naive Benchmark,2024-11-01,2024-11-01 20:00:00-07:00,discharge,30.0,167.99999999999997,41.779986166666674,167.99999999999997,7.560174708487466e-12,1923196.529963998
Naive Benchmark,2024-11-02,2024-11-02 09:00:00-07:00,charge,30.0,168.0,10.152155648148149,-168.0,168.00000000000756,1921290.361913998
Naive Benchmark,2024-11-03,2024-11-03 01:00:00-08:00,discharge,30.0,167.99999999999997,35.57146233333333,167.99999999999997,7.58859641791787e-12,1926303.386083998
Naive Benchmark,2024-11-03,2024-11-03 07:00:00-08:00,charge,30.0,168.0,-14.440495833333337,-168.0,168.0000000000076,1930538.498258998
Naive Benchmark,2024-11-03,2024-11-03 21:00:00-08:00,discharge,30.0,167.99999999999997,33.951806833333336,167.99999999999997,7.617018127348274e-12,1935388.477681998
Naive Benchmark,2024-11-04,2024-11-04 08:00:00-08:00,charge,30.0,168.0,9.250640462962963,-168.0,168.00000000000762,1934409.907631998
Naive Benchmark,2024-11-04,2024-11-04 16:00:00-08:00,discharge,30.0,167.99999999999997,45.05519833333334,167.99999999999997,7.645439836778678e-12,1940857.8382699979
Naive Benchmark,2024-11-05,2024-11-05 07:00:00-08:00,charge,30.0,168.0,13.029799351851851,-168.0,168.00000000000765,1938552.613869998
Naive Benchmark,2024-11-06,2024-11-06 02:00:00-08:00,discharge,30.0,167.99999999999997,42.49817316666666,167.99999999999997,7.673861546209082e-12,1944586.3362769978
Naive Benchmark,2024-11-06,2024-11-06 08:00:00-08:00,charge,30.0,168.0,-2.173519907407408,-168.0,168.00000000000767,1946629.600751998
Naive Benchmark,2024-11-07,2024-11-07 02:00:00-08:00,discharge,30.0,167.99999999999997,50.328593166666664,167.99999999999997,7.702283255639486e-12,1953628.872168998
Naive Benchmark,2024-11-07,2024-11-07 07:00:00-08:00,charge,30.0,168.0,9.031112685185185,-168.0,168.0000000000077,1952295.424643998
Naive Benchmark,2024-11-07,2024-11-07 20:00:00-08:00,discharge,30.0,167.99999999999997,79.7612255,167.99999999999997,7.73070496506989e-12,1963702.343516998
Naive Benchmark,2024-11-08,2024-11-08 08:00:00-08:00,charge,30.0,168.0,14.70807990740741,-168.0,168.00000000000773,1961112.568416998
Naive Benchmark,2024-11-08,2024-11-08 20:00:00-08:00,discharge,30.0,167.99999999999997,57.27232716666666,167.99999999999997,7.759126674500294e-12,1969331.187211998
Naive Benchmark,2024-11-09,2024-11-09 08:00:00-08:00,charge,30.0,168.0,2.6668709259259264,-168.0,168.00000000000776,1969911.549911998
Naive Benchmark,2024-11-09,2024-11-09 16:00:00-08:00,discharge,30.0,167.99999999999997,46.69481416666666,167.99999999999997,7.787548383930698e-12,1976596.509744998
Naive Benchmark,2024-11-10,2024-11-10 07:00:00-08:00,charge,30.0,168.0,0.038784074074073596,-168.0,168.0000000000078,1977361.8678199982
Naive Benchmark,2024-11-10,2024-11-10 16:00:00-08:00,discharge,30.0,167.99999999999997,44.742753,167.99999999999997,7.815970093361102e-12,1983759.3271339983
Naive Benchmark,2024-11-11,2024-11-11 08:00:00-08:00,charge,30.0,168.0,9.165476388888887,-168.0,168.00000000000782,1982395.8502089982
Naive Benchmark,2024-11-11,2024-11-11 16:00:00-08:00,discharge,30.0,167.99999999999997,36.8013505,167.99999999999997,7.844391802791506e-12,1987640.1686079982
Naive Benchmark,2024-11-12,2024-11-12 07:00:00-08:00,charge,30.0,168.0,-0.664461481481482,-168.0,168.00000000000784,1988464.868757998
Naive Benchmark,2024-11-13,2024-11-13 02:00:00-08:00,discharge,30.0,167.99999999999997,47.09964683333333,167.99999999999997,7.87281351222191e-12,1995111.1715729982
Naive Benchmark,2024-11-13,2024-11-13 08:00:00-08:00,charge,30.0,168.0,12.893059629629628,-168.0,168.00000000000787,1993108.3695729983
Naive Benchmark,2024-11-14,2024-11-14 02:00:00-08:00,discharge,30.0,167.99999999999997,59.633399499999996,167.99999999999997,7.901235221652314e-12,2001419.6892339983
Naive Benchmark,2024-11-14,2024-11-14 08:00:00-08:00,charge,30.0,168.0,22.177691018518516,-168.0,168.0000000000079,1997117.9547589982
Naive Benchmark,2024-11-14,2024-11-14 16:00:00-08:00,discharge,30.0,167.99999999999997,53.550807500000005,167.99999999999997,7.929656931082718e-12,2004745.6239199983
Naive Benchmark,2024-11-15,2024-11-15 08:00:00-08:00,charge,30.0,168.0,1.6187768518518513,-168.0,168.00000000000793,2005324.6054949984
Naive Benchmark,2024-11-15,2024-11-15 22:00:00-08:00,discharge,30.0,167.99999999999997,36.29481566666667,167.99999999999997,7.958078640513122e-12,2010511.5933969985
Naive Benchmark,2024-11-16,2024-11-16 08:00:00-08:00,charge,30.0,168.0,-22.79799324074074,-168.0,168.00000000000796,2017782.6065469985
Naive Benchmark,2024-11-16,2024-11-16 20:00:00-08:00,discharge,30.0,167.99999999999997,64.89069583333334,167.99999999999997,7.986500349943526e-12,2027076.3033299984
Naive Benchmark,2024-11-17,2024-11-17 08:00:00-08:00,charge,30.0,168.0,-3.066250925925924,-168.0,168.000000000008,2029396.9708799983
Naive Benchmark,2024-11-17,2024-11-17 16:00:00-08:00,discharge,30.0,167.99999999999997,45.671848,167.99999999999997,8.01492205937393e-12,2035921.3616039983
Naive Benchmark,2024-11-18,2024-11-18 08:00:00-08:00,charge,30.0,168.0,-12.281641111111112,-168.0,168.00000000000801,2040707.9917039983
Naive Benchmark,2024-11-18,2024-11-18 17:00:00-08:00,discharge,30.0,167.99999999999997,53.77991316666667,167.99999999999997,8.043343768804334e-12,2048357.8699829984
Naive Benchmark,2024-11-19,2024-11-19 08:00:00-08:00,charge,30.0,168.0,-11.283101203703703,-168.0,168.00000000000804,2053201.7709329983
Naive Benchmark,2024-11-19,2024-11-19 16:00:00-08:00,discharge,30.0,167.99999999999997,58.95692416666668,167.99999999999997,8.071765478234738e-12,2061615.4663599983
Naive Benchmark,2024-11-20,2024-11-20 08:00:00-08:00,charge,30.0,168.0,10.385286111111112,-168.0,168.00000000000807,2060383.1969099983
Naive Benchmark,2024-11-21,2024-11-21 02:00:00-08:00,discharge,30.0,167.99999999999997,59.624060166666666,167.99999999999997,8.100187187665142e-12,2068716.0387729984
Naive Benchmark,2024-11-21,2024-11-21 08:00:00-08:00,charge,30.0,168.0,18.92495861111111,-168.0,168.0000000000081,2065401.2319979984
Naive Benchmark,2024-11-21,2024-11-21 16:00:00-08:00,discharge,30.0,167.99999999999997,56.70553433333333,167.99999999999997,8.128608897095546e-12,2073502.1058339984
Naive Benchmark,2024-11-22,2024-11-22 07:00:00-08:00,charge,30.0,168.0,15.025651574074073,-168.0,168.00000000000813,2070538.4202089985
Naive Benchmark,2024-11-22,2024-11-22 16:00:00-08:00,discharge,30.0,167.99999999999997,52.73342616666666,167.99999999999997,8.15703060652595e-12,2078052.2808819986
Naive Benchmark,2024-11-23,2024-11-23 08:00:00-08:00,charge,30.0,168.0,24.110447407407406,-168.0,168.00000000000816,2072862.5222569986
Naive Benchmark,2024-11-23,2024-11-23 18:00:00-08:00,discharge,30.0,167.99999999999997,48.303245499999996,167.99999999999997,8.185452315956354e-12,2079754.4632159986
Naive Benchmark,2024-11-24,2024-11-24 08:00:00-08:00,charge,30.0,168.0,10.921782962962961,-168.0,168.00000000000819,2078257.9261409987
Naive Benchmark,2024-11-24,2024-11-24 20:00:00-08:00,discharge,30.0,167.99999999999997,55.03922633333334,167.99999999999997,8.213874025386758e-12,2086096.0731709988
Naive Benchmark,2024-11-28,2024-11-28 07:00:00-08:00,charge,30.0,168.0,30.022043703703705,-168.0,168.0000000000082,2079599.5242959987
Naive Benchmark,2024-11-28,2024-11-28 20:00:00-08:00,discharge,30.0,167.99999999999997,63.4826955,167.99999999999997,8.242295734817162e-12,2088698.0649149988
Naive Benchmark,2024-11-30,2024-11-30 07:00:00-08:00,charge,30.0,168.0,35.312480648148146,-168.0,168.00000000000824,2080953.9533399988
Naive Benchmark,2024-11-30,2024-11-30 19:00:00-08:00,discharge,30.0,167.99999999999997,60.71105266666666,167.99999999999997,8.270717444247566e-12,2089620.2385699989
Naive Benchmark,2024-12-01,2024-12-01 08:00:00-08:00,charge,30.0,168.0,29.007316851851854,-168.0,168.00000000000827,2083297.1772199988
Naive Benchmark,2024-12-01,2024-12-01 18:00:00-08:00,discharge,30.0,167.99999999999997,57.78623583333333,167.99999999999997,8.29913915367797e-12,2091585.1881369988
Naive Benchmark,2024-12-04,2024-12-04 08:00:00-08:00,charge,30.0,168.0,27.687665555555558,-168.0,168.0000000000083,2085927.1334119989
Naive Benchmark,2024-12-04,2024-12-04 19:00:00-08:00,discharge,30.0,167.99999999999997,74.1642695,167.99999999999997,8.327560863108374e-12,2096549.3521609989
Naive Benchmark,2024-12-05,2024-12-05 08:00:00-08:00,charge,30.0,168.0,33.09906296296296,-168.0,168.00000000000833,2089308.5717859988
Naive Benchmark,2024-12-05,2024-12-05 19:00:00-08:00,discharge,30.0,167.99999999999997,60.27447199999999,167.99999999999997,8.355982572538778e-12,2097892.348857999
Naive Benchmark,2024-12-06,2024-12-06 08:00:00-08:00,charge,30.0,168.0,28.695643148148147,-168.0,168.00000000000836,2091768.435032999
Naive Benchmark,2024-12-06,2024-12-06 20:00:00-08:00,discharge,30.0,167.99999999999997,57.69174916666666,167.99999999999997,8.384404281969182e-12,2100056.225901999
Naive Benchmark,2024-12-07,2024-12-07 08:00:00-08:00,charge,30.0,168.0,19.73100074074074,-168.0,168.00000000000838,2095965.4340519991
Naive Benchmark,2024-12-07,2024-12-07 20:00:00-08:00,discharge,30.0,167.99999999999997,40.03220866666667,167.99999999999997,8.412825991399586e-12,2101678.701303999
Naive Benchmark,2024-12-08,2024-12-08 07:00:00-08:00,charge,30.0,168.0,13.738291296296296,-168.0,168.0000000000084,2098924.7759789987
Naive Benchmark,2024-12-08,2024-12-08 17:00:00-08:00,discharge,30.0,167.99999999999997,44.62469733333334,167.99999999999997,8.44124770082999e-12,2105312.0774509986
Naive Benchmark,2024-12-09,2024-12-09 08:00:00-08:00,charge,30.0,168.0,26.20771148148148,-168.0,168.00000000000844,2099875.3561509987
Naive Benchmark,2024-12-09,2024-12-09 19:00:00-08:00,discharge,30.0,167.99999999999997,75.94708183333333,167.99999999999997,8.469669410260394e-12,2110792.4632619987
Naive Benchmark,2024-12-10,2024-12-10 08:00:00-08:00,charge,30.0,168.0,21.297661203703704,-168.0,168.00000000000847,2106781.3988869986
Naive Benchmark,2024-12-10,2024-12-10 16:00:00-08:00,discharge,30.0,167.99999999999997,50.673986166666666,167.99999999999997,8.498091119690798e-12,2114003.4001139984
Naive Benchmark,2024-12-13,2024-12-13 08:00:00-08:00,charge,30.0,168.0,24.728963425925926,-168.0,168.0000000000085,2108611.3467139984
Naive Benchmark,2024-12-13,2024-12-13 22:00:00-08:00,discharge,30.0,167.99999999999997,45.35651966666667,167.99999999999997,8.526512829121202e-12,2115096.995477998
Naive Benchmark,2024-12-15,2024-12-15 08:00:00-08:00,charge,30.0,168.0,1.5388262962962966,-168.0,168.00000000000853,2116192.439577998
Naive Benchmark,2024-12-15,2024-12-15 17:00:00-08:00,discharge,30.0,167.99999999999997,50.943868666666674,167.99999999999997,8.554934538551606e-12,2123463.193543998
Naive Benchmark,2024-12-17,2024-12-17 08:00:00-08:00,charge,30.0,168.0,36.27377481481481,-168.0,168.00000000000855,2115155.527543998
Naive Benchmark,2024-12-18,2024-12-18 02:00:00-08:00,discharge,30.0,167.99999999999997,125.14412166666668,167.99999999999997,8.58335624798201e-12,2132334.6431579976
Naive Benchmark,2024-12-20,2024-12-20 08:00:00-08:00,charge,30.0,168.0,27.111401481481483,-168.0,168.00000000000858,2126317.1645829976
Naive Benchmark,2024-12-21,2024-12-21 02:00:00-08:00,discharge,30.0,167.99999999999997,47.20781833333333,167.99999999999997,8.611777957412414e-12,2133038.1103109973
Naive Benchmark,2024-12-25,2024-12-25 08:00:00-08:00,charge,30.0,168.0,20.33406324074074,-168.0,168.0000000000086,2128650.9688859973
Naive Benchmark,2024-12-25,2024-12-25 21:00:00-08:00,discharge,30.0,167.99999999999997,41.92893716666667,167.99999999999997,8.640199666842818e-12,2134642.0566669973
Naive Benchmark,2024-12-27,2024-12-27 08:00:00-08:00,charge,30.0,168.0,21.976402592592592,-168.0,168.00000000000864,2129908.3776669973
Naive Benchmark,2024-12-27,2024-12-27 16:00:00-08:00,discharge,30.0,167.99999999999997,40.58865133333334,167.99999999999997,8.668621376273222e-12,2135712.0021449975
Naive Benchmark,2024-12-29,2024-12-29 08:00:00-08:00,charge,30.0,168.0,13.052262592592593,-168.0,168.00000000000867,2133044.2473199973
Naive Benchmark,2024-12-29,2024-12-29 16:00:00-08:00,discharge,30.0,167.99999999999997,28.484392833333334,167.99999999999997,8.697043085703626e-12,2137117.245558997
Naive Benchmark,2024-12-30,2024-12-30 08:00:00-08:00,charge,30.0,168.0,13.173576574074074,-168.0,168.0000000000087,2134700.0207089973
Naive Benchmark,2024-12-31,2024-12-31 02:00:00-08:00,discharge,30.0,167.99999999999997,43.37686966666667,167.99999999999997,8.72546479513403e-12,2140892.900462997
